gene_symbol	hgnc_id	acmg_code	strength	threshold	comparator	metric	population	min_allele_count	mode_of_inheritance	gn_id	version	source_url	raw_description
MYH7	https://www.genenames.org/tools/search/#!/?query=MYH7	BA1	StandAlone	0.001	>=	faf95	all			GN002	2.0	https://cspec.genome.network/cspec/ui/svi/doc/GN002?version=2.0	Allele frequency is **≥0.001** based on the **filtering allele frequency (FAF)** in **gnomAD** in the subpopulation with the highest frequency (popmax).  The values used to calculate the BA1 threshold were derived from studies in Northern European populations that have been relatively well-characterized with regards to disease prevalence and variant spectrum. These thresholds can be applied to any population where disease prevalence is considered comparable (1/300 or lower).  The threshold is applicable when assessing variants in the context of autosomal dominant cardiomyopathy.   gnomAD is the preferred database for this calculation. If a subpopulation specific FAF other than the popmax is needed, this value can be calculated using the AlleleFrequencyApp on the [CardioDB website](https://cardiodb.org/allelefrequencyapp/).  1.  Using the Inverse AF tab, enter in the population size and the number of alleles identified and it will calculate the FAF.   2.  Set confidence to 0.95 (95%). 3.  If the FAF is ≥0.001, this rule can be applied.  The FAF by platform (e.g., exome vs. genome; v.2.1.1 vs. v.3.1.1) should be considered, the larger population is most likely to have the most accurate representation of “true” population allele frequency.  Caution is needed when considering any population cohorts that are smaller than the smallest subpopulations within gnomAD v.2.1.1 (e.g., ~5000 individuals or ~10,000 alleles). Despite this conservative nature of this threshold and approach, in smaller cohorts, the observed allele frequency may less accurately reflect the true allele frequency. Traditionally, once a variant is classified as Benign, it is rarely re-evaluated and so the highest confidence is needed to establish that classification on an allele frequency alone.
MYH7	https://www.genenames.org/tools/search/#!/?query=MYH7	BS1	Strong	0.0001	>=	faf95				GN002	2.0	https://cspec.genome.network/cspec/ui/svi/doc/GN002?version=2.0	Allele frequency is **≥0.0001 for** _**MYH7**_ based on the **filtering allele frequency (FAF)** in **gnomAD** in the subpopulation with the highest frequency (popmax).  Criterion BS1 may only be used as standalone evidence to classify a variant as Likely Benign in the absence of conflicting data. See SVI guidance (Tavtigian _et al._ 2018[<sup>16</sup>](#pmid_29300386); Tavtigian _et al._ 2020[<sup>15</sup>](#pmid_32720330)).   See BA1 for additional specifications that also apply to BS1.
MYH7	https://www.genenames.org/tools/search/#!/?query=MYH7	PM2	Supporting	4.000e-05	<=	faf95	all			GN002	2.0	https://cspec.genome.network/cspec/ui/svi/doc/GN002?version=2.0	The values used to calculate the PM2 thresholds were derived from studies in Northern European populations that have been relatively well-characterized with regards to disease prevalence and variant spectrum. These thresholds can be applied to any population where disease prevalence is considered comparable (1/500 or lower), where the most frequent pathogenic variant accounts for no more than 2% of cases (e.g., has an allele frequency of ≤0.02 in cases based on the upper bound of 95% CI), and where the penetrance of a pathogenic variant is expected to be at least 50% (Kelly _et al._ 2018[<sup>11</sup>](#pmid_29300372)).  A threshold of **≤0.00004** in the subpopulation with the highest frequency when using the upper bound of the 95% CI activates this rule.  1.  Alternatively, this is equivalent to the variant NOT being observed more than once (≤1 allele) in gnomAD v.2.1.1 in one of the non-founder populations (e.g., absence required from the Other and Ashkenazi Jewish subpopulations). 2.  Applying a threshold of ≤0.00004 (upper bound of 95% CI of the allele frequency in gnomAD) is equivalent to the variant being seen in a single subpopulation and that subpopulation meets any of the following:     *   **Allele Count (AC) in Allele Number (AN)**     *   ≤1 in ≥120,000     *   ≤2 in ≥160,000     *   ≤3 in ≥195,000     *   ≤4 in ≥230,000  gnomAD is the preferred database for this calculation, but currently only displays the filtering allele frequency (FAF), which is equivalent to a lower bound estimate of the 95% CI, when the upper bound is what is needed.  *   Confidence interval tools, such as [Confit-de-MAF](https://www.genecalculators.net/confit-de-maf.html), can be used to determine the upper bound of the 95% CI of the observed allele frequency.  Due to current technical limitations of next generation sequencing technologies, minor allele frequencies for complex variants (e.g., large indels) may not be accurately represented in population databases.  Caution should be used when a variant is only identified, or over-represented, in one of the smaller gnomAD populations, as the gnomAD allele frequencies may not accurately represent the true population frequency.  Population databases may contain affected or pre-symptomatic individuals for diseases with reduced penetrance/variable onset.
PTEN	https://www.genenames.org/tools/search/#!/?query=PTEN	BA1	StandAlone	0.00056	>	faf95				GN003	3.2	https://cspec.genome.network/cspec/ui/svi/doc/GN003?version=3.2	gnomAD Filtering allele frequency >0.00056 (0.056%)
PTEN	https://www.genenames.org/tools/search/#!/?query=PTEN	BS1	Strong	0.000043	>	faf95				GN003	3.2	https://cspec.genome.network/cspec/ui/svi/doc/GN003?version=3.2	To be applied for variants with filtering allele frequency of 0.000043 up to 0.00056 (0.0043% up to 0.056%) in gnomAD.
PTEN	https://www.genenames.org/tools/search/#!/?query=PTEN	BS1	Supporting	0.0000043	>	faf95				GN003	3.2	https://cspec.genome.network/cspec/ui/svi/doc/GN003?version=3.2	To be applied for variants with filtering allele frequency of 0.0000043 up to 0.000043 (0.00043% up to 0.0043%) in gnomAD.
PTEN	https://www.genenames.org/tools/search/#!/?query=PTEN	PM2	Supporting	1.000e-05	<	raw_af				GN003	3.2	https://cspec.genome.network/cspec/ui/svi/doc/GN003?version=3.2	Absent in population  *   Databases present at \<0.00001 (0.001%) allele frequency in gnomAD or another large sequenced population.  If multiple alleles are present within any subpopulation, allele frequency in that subpopulation must be \<0.00002 (0.002%).
CDH23	https://www.genenames.org/tools/search/#!/?query=CDH23	BA1	StandAlone	0.001	>=	raw_af			AD	GN005	2.0	https://cspec.genome.network/cspec/ui/svi/doc/GN005?version=2.0	MAF of ≥0.005 (0.5%) for autosomal recessive; MAF of ≥0.001 (0.1%) for autosomal dominant.
CDH23	https://www.genenames.org/tools/search/#!/?query=CDH23	BA1	StandAlone	0.005	>=	raw_af			AR	GN005	2.0	https://cspec.genome.network/cspec/ui/svi/doc/GN005?version=2.0	MAF of ≥0.005 (0.5%) for autosomal recessive; MAF of ≥0.001 (0.1%) for autosomal dominant.
CDH23	https://www.genenames.org/tools/search/#!/?query=CDH23	BS1	Strong	0.0002	>=	raw_af			AD	GN005	2.0	https://cspec.genome.network/cspec/ui/svi/doc/GN005?version=2.0	MAF of ≥0.003 (0.3%) for autosomal recessive; MAF of ≥0.0002 (0.02%) for autosomal dominant. Likely benign, provided there is no conflicting evidence.
CDH23	https://www.genenames.org/tools/search/#!/?query=CDH23	BS1	Strong	0.003	>=	raw_af			AR	GN005	2.0	https://cspec.genome.network/cspec/ui/svi/doc/GN005?version=2.0	MAF of ≥0.003 (0.3%) for autosomal recessive; MAF of ≥0.0002 (0.02%) for autosomal dominant. Likely benign, provided there is no conflicting evidence.
CDH23	https://www.genenames.org/tools/search/#!/?query=CDH23	BS1	Supporting	0.0007	>=	raw_af				GN005	2.0	https://cspec.genome.network/cspec/ui/svi/doc/GN005?version=2.0	MAF of ≥0.0007 (0.07%) for autosomal recessive. No BS1_Supporting criteria for autosomal dominant.
CDH23	https://www.genenames.org/tools/search/#!/?query=CDH23	PM2	Supporting	2.000e-05	<=	raw_af			AD	GN005	2.0	https://cspec.genome.network/cspec/ui/svi/doc/GN005?version=2.0	Absent/Rare in population databases (absent or ≤0.00007 (0.007%) for autosomal recessive, ≤0.00002 (0.002%) for autosomal dominant). * Background: Rarity or absence in the general population is not robust evidence for pathogenicity, particularly for autosomal recessive disorders. However, the ACMG/AMP Guidelines were devised in such a way that absence or rarity were considered moderate evidence towards pathogenicity, and the framework requires multiple pieces of evidence to classify a variant as likely pathogenic or pathogenic.
CDH23	https://www.genenames.org/tools/search/#!/?query=CDH23	PM2	Supporting	7.000e-05	<=	raw_af			AR	GN005	2.0	https://cspec.genome.network/cspec/ui/svi/doc/GN005?version=2.0	Absent/Rare in population databases (absent or ≤0.00007 (0.007%) for autosomal recessive, ≤0.00002 (0.002%) for autosomal dominant). * Background: Rarity or absence in the general population is not robust evidence for pathogenicity, particularly for autosomal recessive disorders. However, the ACMG/AMP Guidelines were devised in such a way that absence or rarity were considered moderate evidence towards pathogenicity, and the framework requires multiple pieces of evidence to classify a variant as likely pathogenic or pathogenic.
COCH	https://www.genenames.org/tools/search/#!/?query=COCH	BA1	StandAlone	0.001	>=	raw_af			AD	GN005	2.0	https://cspec.genome.network/cspec/ui/svi/doc/GN005?version=2.0	MAF of ≥0.005 (0.5%) for autosomal recessive; MAF of ≥0.001 (0.1%) for autosomal dominant.
COCH	https://www.genenames.org/tools/search/#!/?query=COCH	BA1	StandAlone	0.005	>=	raw_af			AR	GN005	2.0	https://cspec.genome.network/cspec/ui/svi/doc/GN005?version=2.0	MAF of ≥0.005 (0.5%) for autosomal recessive; MAF of ≥0.001 (0.1%) for autosomal dominant.
COCH	https://www.genenames.org/tools/search/#!/?query=COCH	BS1	Strong	0.0002	>=	raw_af			AD	GN005	2.0	https://cspec.genome.network/cspec/ui/svi/doc/GN005?version=2.0	MAF of ≥0.003 (0.3%) for autosomal recessive; MAF of ≥0.0002 (0.02%) for autosomal dominant. Likely benign, provided there is no conflicting evidence.
COCH	https://www.genenames.org/tools/search/#!/?query=COCH	BS1	Strong	0.003	>=	raw_af			AR	GN005	2.0	https://cspec.genome.network/cspec/ui/svi/doc/GN005?version=2.0	MAF of ≥0.003 (0.3%) for autosomal recessive; MAF of ≥0.0002 (0.02%) for autosomal dominant. Likely benign, provided there is no conflicting evidence.
COCH	https://www.genenames.org/tools/search/#!/?query=COCH	BS1	Supporting	0.0007	>=	raw_af				GN005	2.0	https://cspec.genome.network/cspec/ui/svi/doc/GN005?version=2.0	MAF of ≥0.0007 (0.07%) for autosomal recessive. No BS1_Supporting criteria for autosomal dominant.
COCH	https://www.genenames.org/tools/search/#!/?query=COCH	PM2	Supporting	2.000e-05	<=	raw_af			AD	GN005	2.0	https://cspec.genome.network/cspec/ui/svi/doc/GN005?version=2.0	Absent/Rare in population databases (absent or ≤0.00007 (0.007%) for autosomal recessive, ≤0.00002 (0.002%) for autosomal dominant). * Background: Rarity or absence in the general population is not robust evidence for pathogenicity, particularly for autosomal recessive disorders. However, the ACMG/AMP Guidelines were devised in such a way that absence or rarity were considered moderate evidence towards pathogenicity, and the framework requires multiple pieces of evidence to classify a variant as likely pathogenic or pathogenic.
COCH	https://www.genenames.org/tools/search/#!/?query=COCH	PM2	Supporting	7.000e-05	<=	raw_af			AR	GN005	2.0	https://cspec.genome.network/cspec/ui/svi/doc/GN005?version=2.0	Absent/Rare in population databases (absent or ≤0.00007 (0.007%) for autosomal recessive, ≤0.00002 (0.002%) for autosomal dominant). * Background: Rarity or absence in the general population is not robust evidence for pathogenicity, particularly for autosomal recessive disorders. However, the ACMG/AMP Guidelines were devised in such a way that absence or rarity were considered moderate evidence towards pathogenicity, and the framework requires multiple pieces of evidence to classify a variant as likely pathogenic or pathogenic.
GJB2	https://www.genenames.org/tools/search/#!/?query=GJB2	BA1	StandAlone	0.001	>=	raw_af			AD	GN005	2.0	https://cspec.genome.network/cspec/ui/svi/doc/GN005?version=2.0	MAF of ≥0.005 (0.5%) for autosomal recessive; MAF of ≥0.001 (0.1%) for autosomal dominant.
GJB2	https://www.genenames.org/tools/search/#!/?query=GJB2	BA1	StandAlone	0.005	>=	raw_af			AR	GN005	2.0	https://cspec.genome.network/cspec/ui/svi/doc/GN005?version=2.0	MAF of ≥0.005 (0.5%) for autosomal recessive; MAF of ≥0.001 (0.1%) for autosomal dominant.
GJB2	https://www.genenames.org/tools/search/#!/?query=GJB2	BS1	Strong	0.0002	>=	raw_af			AD	GN005	2.0	https://cspec.genome.network/cspec/ui/svi/doc/GN005?version=2.0	MAF of ≥0.003 (0.3%) for autosomal recessive; MAF of ≥0.0002 (0.02%) for autosomal dominant. Likely benign, provided there is no conflicting evidence.
GJB2	https://www.genenames.org/tools/search/#!/?query=GJB2	BS1	Strong	0.003	>=	raw_af			AR	GN005	2.0	https://cspec.genome.network/cspec/ui/svi/doc/GN005?version=2.0	MAF of ≥0.003 (0.3%) for autosomal recessive; MAF of ≥0.0002 (0.02%) for autosomal dominant. Likely benign, provided there is no conflicting evidence.
GJB2	https://www.genenames.org/tools/search/#!/?query=GJB2	BS1	Supporting	0.0007	>=	raw_af				GN005	2.0	https://cspec.genome.network/cspec/ui/svi/doc/GN005?version=2.0	MAF of ≥0.0007 (0.07%) for autosomal recessive. No BS1_Supporting criteria for autosomal dominant.
GJB2	https://www.genenames.org/tools/search/#!/?query=GJB2	PM2	Supporting	2.000e-05	<=	raw_af			AD	GN005	2.0	https://cspec.genome.network/cspec/ui/svi/doc/GN005?version=2.0	Absent/Rare in population databases (absent or ≤0.00007 (0.007%) for autosomal recessive, ≤0.00002 (0.002%) for autosomal dominant). * Background: Rarity or absence in the general population is not robust evidence for pathogenicity, particularly for autosomal recessive disorders. However, the ACMG/AMP Guidelines were devised in such a way that absence or rarity were considered moderate evidence towards pathogenicity, and the framework requires multiple pieces of evidence to classify a variant as likely pathogenic or pathogenic.
GJB2	https://www.genenames.org/tools/search/#!/?query=GJB2	PM2	Supporting	7.000e-05	<=	raw_af			AR	GN005	2.0	https://cspec.genome.network/cspec/ui/svi/doc/GN005?version=2.0	Absent/Rare in population databases (absent or ≤0.00007 (0.007%) for autosomal recessive, ≤0.00002 (0.002%) for autosomal dominant). * Background: Rarity or absence in the general population is not robust evidence for pathogenicity, particularly for autosomal recessive disorders. However, the ACMG/AMP Guidelines were devised in such a way that absence or rarity were considered moderate evidence towards pathogenicity, and the framework requires multiple pieces of evidence to classify a variant as likely pathogenic or pathogenic.
KCNQ4	https://www.genenames.org/tools/search/#!/?query=KCNQ4	BA1	StandAlone	0.001	>=	raw_af			AD	GN005	2.0	https://cspec.genome.network/cspec/ui/svi/doc/GN005?version=2.0	MAF of ≥0.005 (0.5%) for autosomal recessive; MAF of ≥0.001 (0.1%) for autosomal dominant.
KCNQ4	https://www.genenames.org/tools/search/#!/?query=KCNQ4	BA1	StandAlone	0.005	>=	raw_af			AR	GN005	2.0	https://cspec.genome.network/cspec/ui/svi/doc/GN005?version=2.0	MAF of ≥0.005 (0.5%) for autosomal recessive; MAF of ≥0.001 (0.1%) for autosomal dominant.
KCNQ4	https://www.genenames.org/tools/search/#!/?query=KCNQ4	BS1	Strong	0.0002	>=	raw_af			AD	GN005	2.0	https://cspec.genome.network/cspec/ui/svi/doc/GN005?version=2.0	MAF of ≥0.003 (0.3%) for autosomal recessive; MAF of ≥0.0002 (0.02%) for autosomal dominant. Likely benign, provided there is no conflicting evidence.
KCNQ4	https://www.genenames.org/tools/search/#!/?query=KCNQ4	BS1	Strong	0.003	>=	raw_af			AR	GN005	2.0	https://cspec.genome.network/cspec/ui/svi/doc/GN005?version=2.0	MAF of ≥0.003 (0.3%) for autosomal recessive; MAF of ≥0.0002 (0.02%) for autosomal dominant. Likely benign, provided there is no conflicting evidence.
KCNQ4	https://www.genenames.org/tools/search/#!/?query=KCNQ4	BS1	Supporting	0.0007	>=	raw_af				GN005	2.0	https://cspec.genome.network/cspec/ui/svi/doc/GN005?version=2.0	MAF of ≥0.0007 (0.07%) for autosomal recessive. No BS1_Supporting criteria for autosomal dominant.
KCNQ4	https://www.genenames.org/tools/search/#!/?query=KCNQ4	PM2	Supporting	2.000e-05	<=	raw_af			AD	GN005	2.0	https://cspec.genome.network/cspec/ui/svi/doc/GN005?version=2.0	Absent/Rare in population databases (absent or ≤0.00007 (0.007%) for autosomal recessive, ≤0.00002 (0.002%) for autosomal dominant). * Background: Rarity or absence in the general population is not robust evidence for pathogenicity, particularly for autosomal recessive disorders. However, the ACMG/AMP Guidelines were devised in such a way that absence or rarity were considered moderate evidence towards pathogenicity, and the framework requires multiple pieces of evidence to classify a variant as likely pathogenic or pathogenic.
KCNQ4	https://www.genenames.org/tools/search/#!/?query=KCNQ4	PM2	Supporting	7.000e-05	<=	raw_af			AR	GN005	2.0	https://cspec.genome.network/cspec/ui/svi/doc/GN005?version=2.0	Absent/Rare in population databases (absent or ≤0.00007 (0.007%) for autosomal recessive, ≤0.00002 (0.002%) for autosomal dominant). * Background: Rarity or absence in the general population is not robust evidence for pathogenicity, particularly for autosomal recessive disorders. However, the ACMG/AMP Guidelines were devised in such a way that absence or rarity were considered moderate evidence towards pathogenicity, and the framework requires multiple pieces of evidence to classify a variant as likely pathogenic or pathogenic.
MYO6	https://www.genenames.org/tools/search/#!/?query=MYO6	BA1	StandAlone	0.001	>=	raw_af			AD	GN005	2.0	https://cspec.genome.network/cspec/ui/svi/doc/GN005?version=2.0	MAF of ≥0.005 (0.5%) for autosomal recessive; MAF of ≥0.001 (0.1%) for autosomal dominant.
MYO6	https://www.genenames.org/tools/search/#!/?query=MYO6	BA1	StandAlone	0.005	>=	raw_af			AR	GN005	2.0	https://cspec.genome.network/cspec/ui/svi/doc/GN005?version=2.0	MAF of ≥0.005 (0.5%) for autosomal recessive; MAF of ≥0.001 (0.1%) for autosomal dominant.
MYO6	https://www.genenames.org/tools/search/#!/?query=MYO6	BS1	Strong	0.0002	>=	raw_af			AD	GN005	2.0	https://cspec.genome.network/cspec/ui/svi/doc/GN005?version=2.0	MAF of ≥0.003 (0.3%) for autosomal recessive; MAF of ≥0.0002 (0.02%) for autosomal dominant. Likely benign, provided there is no conflicting evidence.
MYO6	https://www.genenames.org/tools/search/#!/?query=MYO6	BS1	Strong	0.003	>=	raw_af			AR	GN005	2.0	https://cspec.genome.network/cspec/ui/svi/doc/GN005?version=2.0	MAF of ≥0.003 (0.3%) for autosomal recessive; MAF of ≥0.0002 (0.02%) for autosomal dominant. Likely benign, provided there is no conflicting evidence.
MYO6	https://www.genenames.org/tools/search/#!/?query=MYO6	BS1	Supporting	0.0007	>=	raw_af				GN005	2.0	https://cspec.genome.network/cspec/ui/svi/doc/GN005?version=2.0	MAF of ≥0.0007 (0.07%) for autosomal recessive. No BS1_Supporting criteria for autosomal dominant.
MYO6	https://www.genenames.org/tools/search/#!/?query=MYO6	PM2	Supporting	2.000e-05	<=	raw_af			AD	GN005	2.0	https://cspec.genome.network/cspec/ui/svi/doc/GN005?version=2.0	Absent/Rare in population databases (absent or ≤0.00007 (0.007%) for autosomal recessive, ≤0.00002 (0.002%) for autosomal dominant). * Background: Rarity or absence in the general population is not robust evidence for pathogenicity, particularly for autosomal recessive disorders. However, the ACMG/AMP Guidelines were devised in such a way that absence or rarity were considered moderate evidence towards pathogenicity, and the framework requires multiple pieces of evidence to classify a variant as likely pathogenic or pathogenic.
MYO6	https://www.genenames.org/tools/search/#!/?query=MYO6	PM2	Supporting	7.000e-05	<=	raw_af			AR	GN005	2.0	https://cspec.genome.network/cspec/ui/svi/doc/GN005?version=2.0	Absent/Rare in population databases (absent or ≤0.00007 (0.007%) for autosomal recessive, ≤0.00002 (0.002%) for autosomal dominant). * Background: Rarity or absence in the general population is not robust evidence for pathogenicity, particularly for autosomal recessive disorders. However, the ACMG/AMP Guidelines were devised in such a way that absence or rarity were considered moderate evidence towards pathogenicity, and the framework requires multiple pieces of evidence to classify a variant as likely pathogenic or pathogenic.
MYO7A	https://www.genenames.org/tools/search/#!/?query=MYO7A	BA1	StandAlone	0.001	>=	raw_af			AD	GN005	2.0	https://cspec.genome.network/cspec/ui/svi/doc/GN005?version=2.0	MAF of ≥0.005 (0.5%) for autosomal recessive; MAF of ≥0.001 (0.1%) for autosomal dominant.
MYO7A	https://www.genenames.org/tools/search/#!/?query=MYO7A	BA1	StandAlone	0.005	>=	raw_af			AR	GN005	2.0	https://cspec.genome.network/cspec/ui/svi/doc/GN005?version=2.0	MAF of ≥0.005 (0.5%) for autosomal recessive; MAF of ≥0.001 (0.1%) for autosomal dominant.
MYO7A	https://www.genenames.org/tools/search/#!/?query=MYO7A	BS1	Strong	0.0002	>=	raw_af			AD	GN005	2.0	https://cspec.genome.network/cspec/ui/svi/doc/GN005?version=2.0	MAF of ≥0.003 (0.3%) for autosomal recessive; MAF of ≥0.0002 (0.02%) for autosomal dominant. Likely benign, provided there is no conflicting evidence.
MYO7A	https://www.genenames.org/tools/search/#!/?query=MYO7A	BS1	Strong	0.003	>=	raw_af			AR	GN005	2.0	https://cspec.genome.network/cspec/ui/svi/doc/GN005?version=2.0	MAF of ≥0.003 (0.3%) for autosomal recessive; MAF of ≥0.0002 (0.02%) for autosomal dominant. Likely benign, provided there is no conflicting evidence.
MYO7A	https://www.genenames.org/tools/search/#!/?query=MYO7A	BS1	Supporting	0.0007	>=	raw_af				GN005	2.0	https://cspec.genome.network/cspec/ui/svi/doc/GN005?version=2.0	MAF of ≥0.0007 (0.07%) for autosomal recessive. No BS1_Supporting criteria for autosomal dominant.
MYO7A	https://www.genenames.org/tools/search/#!/?query=MYO7A	PM2	Supporting	2.000e-05	<=	raw_af			AD	GN005	2.0	https://cspec.genome.network/cspec/ui/svi/doc/GN005?version=2.0	Absent/Rare in population databases (absent or ≤0.00007 (0.007%) for autosomal recessive, ≤0.00002 (0.002%) for autosomal dominant). * Background: Rarity or absence in the general population is not robust evidence for pathogenicity, particularly for autosomal recessive disorders. However, the ACMG/AMP Guidelines were devised in such a way that absence or rarity were considered moderate evidence towards pathogenicity, and the framework requires multiple pieces of evidence to classify a variant as likely pathogenic or pathogenic.
MYO7A	https://www.genenames.org/tools/search/#!/?query=MYO7A	PM2	Supporting	7.000e-05	<=	raw_af			AR	GN005	2.0	https://cspec.genome.network/cspec/ui/svi/doc/GN005?version=2.0	Absent/Rare in population databases (absent or ≤0.00007 (0.007%) for autosomal recessive, ≤0.00002 (0.002%) for autosomal dominant). * Background: Rarity or absence in the general population is not robust evidence for pathogenicity, particularly for autosomal recessive disorders. However, the ACMG/AMP Guidelines were devised in such a way that absence or rarity were considered moderate evidence towards pathogenicity, and the framework requires multiple pieces of evidence to classify a variant as likely pathogenic or pathogenic.
SLC26A4	https://www.genenames.org/tools/search/#!/?query=SLC26A4	BA1	StandAlone	0.001	>=	raw_af			AD	GN005	2.0	https://cspec.genome.network/cspec/ui/svi/doc/GN005?version=2.0	MAF of ≥0.005 (0.5%) for autosomal recessive; MAF of ≥0.001 (0.1%) for autosomal dominant.
SLC26A4	https://www.genenames.org/tools/search/#!/?query=SLC26A4	BA1	StandAlone	0.005	>=	raw_af			AR	GN005	2.0	https://cspec.genome.network/cspec/ui/svi/doc/GN005?version=2.0	MAF of ≥0.005 (0.5%) for autosomal recessive; MAF of ≥0.001 (0.1%) for autosomal dominant.
SLC26A4	https://www.genenames.org/tools/search/#!/?query=SLC26A4	BS1	Strong	0.0002	>=	raw_af			AD	GN005	2.0	https://cspec.genome.network/cspec/ui/svi/doc/GN005?version=2.0	MAF of ≥0.003 (0.3%) for autosomal recessive; MAF of ≥0.0002 (0.02%) for autosomal dominant. Likely benign, provided there is no conflicting evidence.
SLC26A4	https://www.genenames.org/tools/search/#!/?query=SLC26A4	BS1	Strong	0.003	>=	raw_af			AR	GN005	2.0	https://cspec.genome.network/cspec/ui/svi/doc/GN005?version=2.0	MAF of ≥0.003 (0.3%) for autosomal recessive; MAF of ≥0.0002 (0.02%) for autosomal dominant. Likely benign, provided there is no conflicting evidence.
SLC26A4	https://www.genenames.org/tools/search/#!/?query=SLC26A4	BS1	Supporting	0.0007	>=	raw_af				GN005	2.0	https://cspec.genome.network/cspec/ui/svi/doc/GN005?version=2.0	MAF of ≥0.0007 (0.07%) for autosomal recessive. No BS1_Supporting criteria for autosomal dominant.
SLC26A4	https://www.genenames.org/tools/search/#!/?query=SLC26A4	PM2	Supporting	2.000e-05	<=	raw_af			AD	GN005	2.0	https://cspec.genome.network/cspec/ui/svi/doc/GN005?version=2.0	Absent/Rare in population databases (absent or ≤0.00007 (0.007%) for autosomal recessive, ≤0.00002 (0.002%) for autosomal dominant). * Background: Rarity or absence in the general population is not robust evidence for pathogenicity, particularly for autosomal recessive disorders. However, the ACMG/AMP Guidelines were devised in such a way that absence or rarity were considered moderate evidence towards pathogenicity, and the framework requires multiple pieces of evidence to classify a variant as likely pathogenic or pathogenic.
SLC26A4	https://www.genenames.org/tools/search/#!/?query=SLC26A4	PM2	Supporting	7.000e-05	<=	raw_af			AR	GN005	2.0	https://cspec.genome.network/cspec/ui/svi/doc/GN005?version=2.0	Absent/Rare in population databases (absent or ≤0.00007 (0.007%) for autosomal recessive, ≤0.00002 (0.002%) for autosomal dominant). * Background: Rarity or absence in the general population is not robust evidence for pathogenicity, particularly for autosomal recessive disorders. However, the ACMG/AMP Guidelines were devised in such a way that absence or rarity were considered moderate evidence towards pathogenicity, and the framework requires multiple pieces of evidence to classify a variant as likely pathogenic or pathogenic.
TECTA	https://www.genenames.org/tools/search/#!/?query=TECTA	BA1	StandAlone	0.001	>=	raw_af			AD	GN005	2.0	https://cspec.genome.network/cspec/ui/svi/doc/GN005?version=2.0	MAF of ≥0.005 (0.5%) for autosomal recessive; MAF of ≥0.001 (0.1%) for autosomal dominant.
TECTA	https://www.genenames.org/tools/search/#!/?query=TECTA	BA1	StandAlone	0.005	>=	raw_af			AR	GN005	2.0	https://cspec.genome.network/cspec/ui/svi/doc/GN005?version=2.0	MAF of ≥0.005 (0.5%) for autosomal recessive; MAF of ≥0.001 (0.1%) for autosomal dominant.
TECTA	https://www.genenames.org/tools/search/#!/?query=TECTA	BS1	Strong	0.0002	>=	raw_af			AD	GN005	2.0	https://cspec.genome.network/cspec/ui/svi/doc/GN005?version=2.0	MAF of ≥0.003 (0.3%) for autosomal recessive; MAF of ≥0.0002 (0.02%) for autosomal dominant. Likely benign, provided there is no conflicting evidence.
TECTA	https://www.genenames.org/tools/search/#!/?query=TECTA	BS1	Strong	0.003	>=	raw_af			AR	GN005	2.0	https://cspec.genome.network/cspec/ui/svi/doc/GN005?version=2.0	MAF of ≥0.003 (0.3%) for autosomal recessive; MAF of ≥0.0002 (0.02%) for autosomal dominant. Likely benign, provided there is no conflicting evidence.
TECTA	https://www.genenames.org/tools/search/#!/?query=TECTA	BS1	Supporting	0.0007	>=	raw_af				GN005	2.0	https://cspec.genome.network/cspec/ui/svi/doc/GN005?version=2.0	MAF of ≥0.0007 (0.07%) for autosomal recessive. No BS1_Supporting criteria for autosomal dominant.
TECTA	https://www.genenames.org/tools/search/#!/?query=TECTA	PM2	Supporting	2.000e-05	<=	raw_af			AD	GN005	2.0	https://cspec.genome.network/cspec/ui/svi/doc/GN005?version=2.0	Absent/Rare in population databases (absent or ≤0.00007 (0.007%) for autosomal recessive, ≤0.00002 (0.002%) for autosomal dominant). * Background: Rarity or absence in the general population is not robust evidence for pathogenicity, particularly for autosomal recessive disorders. However, the ACMG/AMP Guidelines were devised in such a way that absence or rarity were considered moderate evidence towards pathogenicity, and the framework requires multiple pieces of evidence to classify a variant as likely pathogenic or pathogenic.
TECTA	https://www.genenames.org/tools/search/#!/?query=TECTA	PM2	Supporting	7.000e-05	<=	raw_af			AR	GN005	2.0	https://cspec.genome.network/cspec/ui/svi/doc/GN005?version=2.0	Absent/Rare in population databases (absent or ≤0.00007 (0.007%) for autosomal recessive, ≤0.00002 (0.002%) for autosomal dominant). * Background: Rarity or absence in the general population is not robust evidence for pathogenicity, particularly for autosomal recessive disorders. However, the ACMG/AMP Guidelines were devised in such a way that absence or rarity were considered moderate evidence towards pathogenicity, and the framework requires multiple pieces of evidence to classify a variant as likely pathogenic or pathogenic.
USH2A	https://www.genenames.org/tools/search/#!/?query=USH2A	BA1	StandAlone	0.001	>=	raw_af			AD	GN005	2.0	https://cspec.genome.network/cspec/ui/svi/doc/GN005?version=2.0	MAF of ≥0.005 (0.5%) for autosomal recessive; MAF of ≥0.001 (0.1%) for autosomal dominant.
USH2A	https://www.genenames.org/tools/search/#!/?query=USH2A	BA1	StandAlone	0.005	>=	raw_af			AR	GN005	2.0	https://cspec.genome.network/cspec/ui/svi/doc/GN005?version=2.0	MAF of ≥0.005 (0.5%) for autosomal recessive; MAF of ≥0.001 (0.1%) for autosomal dominant.
USH2A	https://www.genenames.org/tools/search/#!/?query=USH2A	BS1	Strong	0.0002	>=	raw_af			AD	GN005	2.0	https://cspec.genome.network/cspec/ui/svi/doc/GN005?version=2.0	MAF of ≥0.003 (0.3%) for autosomal recessive; MAF of ≥0.0002 (0.02%) for autosomal dominant. Likely benign, provided there is no conflicting evidence.
USH2A	https://www.genenames.org/tools/search/#!/?query=USH2A	BS1	Strong	0.003	>=	raw_af			AR	GN005	2.0	https://cspec.genome.network/cspec/ui/svi/doc/GN005?version=2.0	MAF of ≥0.003 (0.3%) for autosomal recessive; MAF of ≥0.0002 (0.02%) for autosomal dominant. Likely benign, provided there is no conflicting evidence.
USH2A	https://www.genenames.org/tools/search/#!/?query=USH2A	BS1	Supporting	0.0007	>=	raw_af				GN005	2.0	https://cspec.genome.network/cspec/ui/svi/doc/GN005?version=2.0	MAF of ≥0.0007 (0.07%) for autosomal recessive. No BS1_Supporting criteria for autosomal dominant.
USH2A	https://www.genenames.org/tools/search/#!/?query=USH2A	PM2	Supporting	2.000e-05	<=	raw_af			AD	GN005	2.0	https://cspec.genome.network/cspec/ui/svi/doc/GN005?version=2.0	Absent/Rare in population databases (absent or ≤0.00007 (0.007%) for autosomal recessive, ≤0.00002 (0.002%) for autosomal dominant). * Background: Rarity or absence in the general population is not robust evidence for pathogenicity, particularly for autosomal recessive disorders. However, the ACMG/AMP Guidelines were devised in such a way that absence or rarity were considered moderate evidence towards pathogenicity, and the framework requires multiple pieces of evidence to classify a variant as likely pathogenic or pathogenic.
USH2A	https://www.genenames.org/tools/search/#!/?query=USH2A	PM2	Supporting	7.000e-05	<=	raw_af			AR	GN005	2.0	https://cspec.genome.network/cspec/ui/svi/doc/GN005?version=2.0	Absent/Rare in population databases (absent or ≤0.00007 (0.007%) for autosomal recessive, ≤0.00002 (0.002%) for autosomal dominant). * Background: Rarity or absence in the general population is not robust evidence for pathogenicity, particularly for autosomal recessive disorders. However, the ACMG/AMP Guidelines were devised in such a way that absence or rarity were considered moderate evidence towards pathogenicity, and the framework requires multiple pieces of evidence to classify a variant as likely pathogenic or pathogenic.
PAH	https://www.genenames.org/tools/search/#!/?query=PAH	BA1	StandAlone	0.015	>=	raw_af				GN006	2.0	https://cspec.genome.network/cspec/ui/svi/doc/GN006?version=2.0	An allele frequency ≥0.015 (1.5%), which is calculated with genetic heterogeneity of 90% to account for defects of BH4 metabolism, and penetrance of 80% to account for individuals who come to attention after becoming clinically symptomatic.
PAH	https://www.genenames.org/tools/search/#!/?query=PAH	BS1	Strong	0.002	>=	raw_af				GN006	2.0	https://cspec.genome.network/cspec/ui/svi/doc/GN006?version=2.0	Allele frequency ≥0.002 (0.2%)
PAH	https://www.genenames.org/tools/search/#!/?query=PAH	PM2	Supporting	0.0002	<	raw_af	all			GN006	2.0	https://cspec.genome.network/cspec/ui/svi/doc/GN006?version=2.0	*   Threshold \<0.0002 (0.02%)  The 0.0002 cutoff is based on disease frequency of 1:12,000 and the most common PAH pathogenic variant, R408W, the ExAC frequency is 0.0006594 (ExAC MAF: 0.001109 74/66718 European Non-Finnish) and gnomAD overall: 0.0009056 (gnomAD MAF: 0.001728 219/126,700 European Non-Finnish).
CDH1	https://www.genenames.org/tools/search/#!/?query=CDH1	BA1	StandAlone	0.002	>=	raw_af				GN007	3.1	https://cspec.genome.network/cspec/ui/svi/doc/GN007?version=3.1	MAF cutoff of 0.2%.
CDH1	https://www.genenames.org/tools/search/#!/?query=CDH1	BS1	Strong	0.001	>=	raw_af				GN007	3.1	https://cspec.genome.network/cspec/ui/svi/doc/GN007?version=3.1	MAF cutoff of 0.1%.
CDH1	https://www.genenames.org/tools/search/#!/?query=CDH1	PM2	Supporting	1.000e-05	<=	raw_af				GN007	3.1	https://cspec.genome.network/cspec/ui/svi/doc/GN007?version=3.1	≤ One out of 100,000 alleles in gnomAD cohort; if present in ≥2 individuals within a subpopulation, must be present in ≤ One out of 50,000 alleles.
RUNX1	https://www.genenames.org/tools/search/#!/?query=RUNX1	BA1	StandAlone	0.0015	>=	raw_af	any_continental	2000		GN008	3.1	https://cspec.genome.network/cspec/ui/svi/doc/GN008?version=3.1	_**RUNX1**_ **Specification:**  **BA1:** Minor allele frequency ≥ 0.0015 (0.15%) in any general continental population dataset with ≥ 2,000 alleles tested and variant present in ≥ 5 alleles.
RUNX1	https://www.genenames.org/tools/search/#!/?query=RUNX1	BS1	Strong	0.00015	>=	raw_af	any_continental	2000		GN008	3.1	https://cspec.genome.network/cspec/ui/svi/doc/GN008?version=3.1	Minor allele frequency between 0.00015 (0.015%) and 0.0015 (0.15%) in any general continental population dataset with ≥2,000 alleles tested and variant present in ≥5 alleles.
RUNX1	https://www.genenames.org/tools/search/#!/?query=RUNX1	PM2	Supporting	5.000e-05	<=	faf95		2000		GN008	3.1	https://cspec.genome.network/cspec/ui/svi/doc/GN008?version=3.1	**PM2\_Supporting:** Minor allele frequency  ≤ 0.00005 with at least 2000 alleles tested around and 20x coverage at the position.  Caveat:   \*We recommend evaluating PM2\_supporting using the GrpMax FAF when it is available in gnomAD v4.1.0. If a GrpMax FAF value is not available, we recommend requiring that all subpopulations meet the PM2\_supporting threshold.
TP53	https://www.genenames.org/tools/search/#!/?query=TP53	BA1	StandAlone	0.001	>=	faf95	any_continental	2000		GN009	2.4	https://cspec.genome.network/cspec/ui/svi/doc/GN009?version=2.4	Filtering allele frequency (FAF) of ≥ 0.001 or 0.1% in gnomAD continental subpopulations of a single genetic ancestry group (excluding genetic ancestry groups influenced by founder effects, such as Ashkenazi Jewish, Finnish, Amish, Middle Eastern, and “Remaining”). Genetic ancestry group must have ≥2,000 alleles tested and a minimum of 2 alleles present. Caution should be exerted if the majority of alleles have a variant allele fraction ("allele balance" in gnomAD) below 0.35.  To set the stand-alone benign FAF cutoff, we used the FAF cutoff established for BS1 (0.0003) and increased this cutoff by one order of magnitude to come to a value of 0.001.   In general, the most recent version of gnomAD should be used when available; however, other population databases or earlier versions of gnomAD may be utilized if they are able to provide information the curator deems necessary for optimal variant classification (e.g, they would provide superior information for a particular variant type; have a larger sample size; or better representation for certain subpopulations, etc.)
TP53	https://www.genenames.org/tools/search/#!/?query=TP53	BS1	Strong	0.0003	>=	faf95	any_continental	2000		GN009	2.4	https://cspec.genome.network/cspec/ui/svi/doc/GN009?version=2.4	Filtering allele frequency (FAF) of ≥ 0.0003 but \< 0.001 in gnomAD continental subpopulations of a single genetic ancestry group (excluding genetic ancestry groups influenced by founder effects, such as Ashkenazi Jewish, Finnish, Amish, Middle Eastern, and “Remaining”). Genetic ancestry group must have ≥2,000 alleles tested and a minimum of 2 alleles present. Caution should be exerted if the majority of alleles have a variant allele fraction ( “allele balance” in gnomAD) below 0.35. To set the strong benign FAF cutoff, we used a Whiffin-Ware calculation using prevalence of 1 in 5,000 (Lalloo, et al., 2006 PMID: 16644204). Genetic and allelic heterogeneity were set at 100% and penetrance at 30%.   In general, the most recent version of gnomAD should be used when available; however, other population databases or earlier versions of gnomAD may be utilized if they are able to provide information the curator deems necessary for optimal variant classification (e.g, they would provide superior information for a particular variant type; have a larger sample size; or better representation for certain subpopulations, etc.)
TP53	https://www.genenames.org/tools/search/#!/?query=TP53	PM2	Supporting	3.000e-05	<	raw_af	all			GN009	2.4	https://cspec.genome.network/cspec/ui/svi/doc/GN009?version=2.4	This rule should be applied at supporting level. Variant should have an allele frequency of less than 0.00003 (0.003%) in gnomAD or another large sequenced population. If multiple alleles are present within any genetic ancestry group, allele frequency in that group must be \<0.00004 (0.004%). Genetic ancestry groups influenced by founder effects (such as Ashkenazi Jewish, Finnish, Amish, Middle Eastern, and “Remaining”) should be ignored.   If the variant being assessed does not meet any population rule codes (PM2, BA1, BS1) **AND** has a total allele frequency >0.00003 with no single genetic ancestry group having multiple alleles with a frequency >0.00004, curators should recalculate the total allele frequency based on the number of alleles with variant allele fraction (VAF) >0.35 to assess whether PM2 may be met after excluding the low VAF alleles which are likely to represent clonal hematopoiesis of indeterminant potential (CHIP) contamination in the database. This can be done by visualizing the “allele balance” for heterozygotes under the genotype quality metrics for a given variant. By hovering over the histogram bars, the number of variant carriers for each bar between 0.35 and 0.65 can be totaled and this can be used to revise the allele count to determine the allele frequency that can be used to assess if PM2\_Supporting can be met.  In general, the most recent version of gnomAD should be used when available; however, other population databases or earlier versions of gnomAD may be utilized if they are able to provide information the curator deems necessary for optimal variant classification (e.g, they would provide superior information for a particular variant type; have a larger sample size; or better representation for certain subpopulations, etc.)
GAA	https://www.genenames.org/tools/search/#!/?query=GAA	BA1	StandAlone	0.01	>	raw_af	any_continental	2000		GN010	2.0	https://cspec.genome.network/cspec/ui/svi/doc/GN010?version=2.0	Common in population databases.  * Highest minor allele frequency >0.01 (>1%) in any continental population in gnomAD with >2000 alleles.
GAA	https://www.genenames.org/tools/search/#!/?query=GAA	BS1	Strong	0.005	>	raw_af	any_continental	2000		GN010	2.0	https://cspec.genome.network/cspec/ui/svi/doc/GN010?version=2.0	Allele frequency greater than expected for disease.  * Highest minor allele frequency >0.005 (>0.5%) in any continental population in gnomAD with >2000 alleles.
GAA	https://www.genenames.org/tools/search/#!/?query=GAA	PM2	Moderate	0.001	<	raw_af	any_continental	2000		GN010	2.0	https://cspec.genome.network/cspec/ui/svi/doc/GN010?version=2.0	Low frequency in population databases.  * Minor allele frequency <0.1% (0.001) in all continental populations with >2000 alleles in gnomAD.
ITGA2B	https://www.genenames.org/tools/search/#!/?query=ITGA2B	BA1	StandAlone	0.0024	>	raw_af				GN011	2.1	https://cspec.genome.network/cspec/ui/svi/doc/GN011?version=2.1	Frequency cutoff of 0.24% (>0.0024 at 99.99% CI w/subpopulation w/min of 5 alleles).
ITGA2B	https://www.genenames.org/tools/search/#!/?query=ITGA2B	BS1	Strong	0.00158	>	raw_af				GN011	2.1	https://cspec.genome.network/cspec/ui/svi/doc/GN011?version=2.1	Frequency cutoff of 0.158% (>0.00158 at 99.99% CI w/subpopulation w/min of 5 alleles)
ITGA2B	https://www.genenames.org/tools/search/#!/?query=ITGA2B	PM2	Moderate	0	<=	raw_af				GN011	2.1	https://cspec.genome.network/cspec/ui/svi/doc/GN011?version=2.1	Absent from controls (or at extremely low frequency if recessive) in Exome Sequencing Project, 1000 Genomes Project, or Exome Aggregation Consortium
ITGA2B	https://www.genenames.org/tools/search/#!/?query=ITGA2B	PM2	Supporting	0.0001	<	raw_af				GN011	2.1	https://cspec.genome.network/cspec/ui/svi/doc/GN011?version=2.1	Prevalence <1/10,000 (<0.0001) alleles in gnomAD.
ITGB3	https://www.genenames.org/tools/search/#!/?query=ITGB3	BA1	StandAlone	0.0024	>	raw_af				GN011	2.1	https://cspec.genome.network/cspec/ui/svi/doc/GN011?version=2.1	Frequency cutoff of 0.24% (>0.0024 at 99.99% CI w/subpopulation w/min of 5 alleles).
ITGB3	https://www.genenames.org/tools/search/#!/?query=ITGB3	BS1	Strong	0.00158	>	raw_af				GN011	2.1	https://cspec.genome.network/cspec/ui/svi/doc/GN011?version=2.1	Frequency cutoff of 0.158% (>0.00158 at 99.99% CI w/subpopulation w/min of 5 alleles)
ITGB3	https://www.genenames.org/tools/search/#!/?query=ITGB3	PM2	Moderate	0	<=	raw_af				GN011	2.1	https://cspec.genome.network/cspec/ui/svi/doc/GN011?version=2.1	Absent from controls (or at extremely low frequency if recessive) in Exome Sequencing Project, 1000 Genomes Project, or Exome Aggregation Consortium
ITGB3	https://www.genenames.org/tools/search/#!/?query=ITGB3	PM2	Supporting	0.0001	<	raw_af				GN011	2.1	https://cspec.genome.network/cspec/ui/svi/doc/GN011?version=2.1	Prevalence <1/10,000 (<0.0001) alleles in gnomAD.
RYR1	https://www.genenames.org/tools/search/#!/?query=RYR1	BA1	StandAlone	0.0038	>	popmax				GN012	2.0	https://cspec.genome.network/cspec/ui/svi/doc/GN012?version=2.0	Popmax allele frequency >0.0038 (0.38%)
RYR1	https://www.genenames.org/tools/search/#!/?query=RYR1	BS1	Strong	0.0008	>	popmax				GN012	2.0	https://cspec.genome.network/cspec/ui/svi/doc/GN012?version=2.0	Popmax allele frequency >0.0008 (0.08%)
RYR1	https://www.genenames.org/tools/search/#!/?query=RYR1	PM2	NotApplicable							GN012	2.0	https://cspec.genome.network/cspec/ui/svi/doc/GN012?version=2.0	
LDLR	https://www.genenames.org/tools/search/#!/?query=LDLR	BA1	StandAlone	0.005	>=	faf95				GN013	1.2	https://cspec.genome.network/cspec/ui/svi/doc/GN013?version=1.2	Variant has a PopMax FAF ≥0.005 (0.5%) in gnomAD.
LDLR	https://www.genenames.org/tools/search/#!/?query=LDLR	BS1	Strong	0.002	>=	faf95				GN013	1.2	https://cspec.genome.network/cspec/ui/svi/doc/GN013?version=1.2	Variant has a PopMax FAF ≥0.002 (0.2%) in gnomAD.
LDLR	https://www.genenames.org/tools/search/#!/?query=LDLR	PM2	Moderate	0.0002	<=	popmax				GN013	1.2	https://cspec.genome.network/cspec/ui/svi/doc/GN013?version=1.2	Variant has a PopMax MAF ≤0.0002 (0.02%) in gnomAD. Consider exceptions for known founder variants.
ETHE1	https://www.genenames.org/tools/search/#!/?query=ETHE1	BA1	StandAlone	0.001	>	raw_af				GN014	1.0	https://cspec.genome.network/cspec/ui/svi/doc/GN014?version=1.0	>0.001 (>0.1%)
ETHE1	https://www.genenames.org/tools/search/#!/?query=ETHE1	BS1	Strong	0.0002	>	raw_af				GN014	1.0	https://cspec.genome.network/cspec/ui/svi/doc/GN014?version=1.0	>0.0002 (>0.020%)
ETHE1	https://www.genenames.org/tools/search/#!/?query=ETHE1	PM2	Moderate	2.000e-05	<	raw_af				GN014	1.0	https://cspec.genome.network/cspec/ui/svi/doc/GN014?version=1.0	<0.00002 (<0.0020%)
PDHA1	https://www.genenames.org/tools/search/#!/?query=PDHA1	BA1	StandAlone	0.00092	>	raw_af				GN014	1.0	https://cspec.genome.network/cspec/ui/svi/doc/GN014?version=1.0	>0.00092 (>0.092%)
PDHA1	https://www.genenames.org/tools/search/#!/?query=PDHA1	BS1	Strong	9.200e-05	>	raw_af				GN014	1.0	https://cspec.genome.network/cspec/ui/svi/doc/GN014?version=1.0	>0.000092 (>0.0092%)
PDHA1	https://www.genenames.org/tools/search/#!/?query=PDHA1	PM2	Moderate	9.200e-06	<	raw_af				GN014	1.0	https://cspec.genome.network/cspec/ui/svi/doc/GN014?version=1.0	0.0000092 (<0.00092%)
POLG	https://www.genenames.org/tools/search/#!/?query=POLG	BA1	StandAlone	0.01	>	raw_af				GN014	1.0	https://cspec.genome.network/cspec/ui/svi/doc/GN014?version=1.0	>0.01 (>1%)
POLG	https://www.genenames.org/tools/search/#!/?query=POLG	BS1	Strong	0.005	>	raw_af				GN014	1.0	https://cspec.genome.network/cspec/ui/svi/doc/GN014?version=1.0	>0.005 (>0.5% - AR)
POLG	https://www.genenames.org/tools/search/#!/?query=POLG	PM2	Moderate	0.0005	<	raw_af				GN014	1.0	https://cspec.genome.network/cspec/ui/svi/doc/GN014?version=1.0	<0.0005 (<0.05% )
SLC19A3	https://www.genenames.org/tools/search/#!/?query=SLC19A3	BA1	StandAlone	0.001	>	raw_af				GN014	1.0	https://cspec.genome.network/cspec/ui/svi/doc/GN014?version=1.0	>0.001 (>0.1%)
SLC19A3	https://www.genenames.org/tools/search/#!/?query=SLC19A3	BS1	Strong	0.0005	>	raw_af				GN014	1.0	https://cspec.genome.network/cspec/ui/svi/doc/GN014?version=1.0	>0.0005 (>0.050%)
SLC19A3	https://www.genenames.org/tools/search/#!/?query=SLC19A3	PM2	Moderate	5.000e-05	<	raw_af				GN014	1.0	https://cspec.genome.network/cspec/ui/svi/doc/GN014?version=1.0	<0.00005 (<0.0050%)
HNF1A	https://www.genenames.org/tools/search/#!/?query=HNF1A	BA1	StandAlone	0.0001	>=	faf95				GN017	3.1	https://cspec.genome.network/cspec/ui/svi/doc/GN017?version=3.1	gnomAD Grpmax FAF ≥ 1:10,000 (≥ 0.01% or 0.0001)
HNF1A	https://www.genenames.org/tools/search/#!/?query=HNF1A	BS1	Strong	3.333e-05	>=	faf95				GN017	3.1	https://cspec.genome.network/cspec/ui/svi/doc/GN017?version=3.1	gnomAD Grpmax FAF ≥ 1:30,000 (≥0.0033% or 0.000033)
HNF1A	https://www.genenames.org/tools/search/#!/?query=HNF1A	PM2	Supporting	3.000e-06	<=	faf95				GN017	3.1	https://cspec.genome.network/cspec/ui/svi/doc/GN017?version=3.1	gnomAD Grpmax FAF ≤ 1:333,000 (≤ 0.000003 or 0.0003%)
AKT3	https://www.genenames.org/tools/search/#!/?query=AKT3	BA1	StandAlone	0.000926	>	raw_af				GN018	1.1	https://cspec.genome.network/cspec/ui/svi/doc/GN018?version=1.1	Allele frequency (>0.0926%). An allele frequency (>0.0926%) was approved.  Note: this was adjusted from ACMG Guidelines due to maintaining the 5x threshold for benign (consistent with previously established guidelines)
AKT3	https://www.genenames.org/tools/search/#!/?query=AKT3	BS1	Strong	0.000185	>	raw_af				GN018	1.1	https://cspec.genome.network/cspec/ui/svi/doc/GN018?version=1.1	Allele frequency (>0.0185%). An allele frequency (>0.0185%) was approved. (Supplemental Table 3).
AKT3	https://www.genenames.org/tools/search/#!/?query=AKT3	PM2	Supporting	0	<=	raw_af				GN018	1.1	https://cspec.genome.network/cspec/ui/svi/doc/GN018?version=1.1	Absent/rare from controls in an ethnically-matched cohort population sample ( ≥1).
MTOR	https://www.genenames.org/tools/search/#!/?query=MTOR	BA1	StandAlone	0.000926	>	raw_af				GN018	1.1	https://cspec.genome.network/cspec/ui/svi/doc/GN018?version=1.1	Allele frequency (>0.0926%). An allele frequency (>0.0926%) was approved.  Note: this was adjusted from ACMG Guidelines due to maintaining the 5x threshold for benign (consistent with previously established guidelines)
MTOR	https://www.genenames.org/tools/search/#!/?query=MTOR	BS1	Strong	0.000185	>	raw_af				GN018	1.1	https://cspec.genome.network/cspec/ui/svi/doc/GN018?version=1.1	Allele frequency (>0.0185%). An allele frequency (>0.0185%) was approved. (Supplemental Table 3).
MTOR	https://www.genenames.org/tools/search/#!/?query=MTOR	PM2	Supporting	0	<=	raw_af				GN018	1.1	https://cspec.genome.network/cspec/ui/svi/doc/GN018?version=1.1	Absent/rare from controls in an ethnically-matched cohort population sample ( ≥1).
PIK3CA	https://www.genenames.org/tools/search/#!/?query=PIK3CA	BA1	StandAlone	0.000926	>	raw_af				GN018	1.1	https://cspec.genome.network/cspec/ui/svi/doc/GN018?version=1.1	Allele frequency (>0.0926%). An allele frequency (>0.0926%) was approved.  Note: this was adjusted from ACMG Guidelines due to maintaining the 5x threshold for benign (consistent with previously established guidelines)
PIK3CA	https://www.genenames.org/tools/search/#!/?query=PIK3CA	BS1	Strong	0.000185	>	raw_af				GN018	1.1	https://cspec.genome.network/cspec/ui/svi/doc/GN018?version=1.1	Allele frequency (>0.0185%). An allele frequency (>0.0185%) was approved. (Supplemental Table 3).
PIK3CA	https://www.genenames.org/tools/search/#!/?query=PIK3CA	PM2	Supporting	0	<=	raw_af				GN018	1.1	https://cspec.genome.network/cspec/ui/svi/doc/GN018?version=1.1	Absent/rare from controls in an ethnically-matched cohort population sample ( ≥1).
PIK3R2	https://www.genenames.org/tools/search/#!/?query=PIK3R2	BA1	StandAlone	0.000926	>	raw_af				GN018	1.1	https://cspec.genome.network/cspec/ui/svi/doc/GN018?version=1.1	Allele frequency (>0.0926%). An allele frequency (>0.0926%) was approved.  Note: this was adjusted from ACMG Guidelines due to maintaining the 5x threshold for benign (consistent with previously established guidelines)
PIK3R2	https://www.genenames.org/tools/search/#!/?query=PIK3R2	BS1	Strong	0.000185	>	raw_af				GN018	1.1	https://cspec.genome.network/cspec/ui/svi/doc/GN018?version=1.1	Allele frequency (>0.0185%). An allele frequency (>0.0185%) was approved. (Supplemental Table 3).
PIK3R2	https://www.genenames.org/tools/search/#!/?query=PIK3R2	PM2	Supporting	0	<=	raw_af				GN018	1.1	https://cspec.genome.network/cspec/ui/svi/doc/GN018?version=1.1	Absent/rare from controls in an ethnically-matched cohort population sample ( ≥1).
MYOC	https://www.genenames.org/tools/search/#!/?query=MYOC	BA1	StandAlone	0.01	>=	raw_af				GN019	2.1	https://cspec.genome.network/cspec/ui/svi/doc/GN019?version=2.1	Allele frequency ≥ 0.01 in population databases.
MYOC	https://www.genenames.org/tools/search/#!/?query=MYOC	BS1	Strong	0.001	>=	raw_af				GN019	2.1	https://cspec.genome.network/cspec/ui/svi/doc/GN019?version=2.1	Allele frequency ≥ 0.001 in population databases.
MYOC	https://www.genenames.org/tools/search/#!/?query=MYOC	PM2	Supporting	0.0001	<=	raw_af				GN019	2.1	https://cspec.genome.network/cspec/ui/svi/doc/GN019?version=2.1	Allele frequency ≤ 0.0001 in population databases.
ATM	https://www.genenames.org/tools/search/#!/?query=ATM	BA1	StandAlone	0.005	>	grpmax				GN020	1.5	https://cspec.genome.network/cspec/ui/svi/doc/GN020?version=1.5	Grpmax Filtering AF **\>.5%** in gnomAD v4 dataset
ATM	https://www.genenames.org/tools/search/#!/?query=ATM	BS1	Strong	0.0005	>	grpmax				GN020	1.5	https://cspec.genome.network/cspec/ui/svi/doc/GN020?version=1.5	Grpmax Filtering AF **\>.05%** in gnomAD v4 dataset
ATM	https://www.genenames.org/tools/search/#!/?query=ATM	PM2	Supporting	1.000e-05	<=	raw_af				GN020	1.5	https://cspec.genome.network/cspec/ui/svi/doc/GN020?version=1.5	Frequency **≤.001%** in gnomAD v4 dataset  If n=1 in a single sub population, that is sufficiently rare and PM2\_supporting would apply.
ACADVL	https://www.genenames.org/tools/search/#!/?query=ACADVL	BA1	StandAlone	0.007	>=	raw_af	any_continental	2000		GN021	2.2	https://cspec.genome.network/cspec/ui/svi/doc/GN021?version=2.2	*   Variants with a highest population minor allele frequency (MAF) ≥0.007 (0.7%) in any continental population with >2000 alleles in gnomAD will meet BA1.     *   Calculated using the Prevalence of 1:30,000, Allelic Contribution of 1, Genetic Contribution of 1, and Penetrance of 0.75 to allow for mild VLCADD that may develop in adulthood.
ACADVL	https://www.genenames.org/tools/search/#!/?query=ACADVL	BS1	Strong	0.0035	>=	raw_af	any_continental	2000		GN021	2.2	https://cspec.genome.network/cspec/ui/svi/doc/GN021?version=2.2	*   Variants with a highest population minor allele frequency (MAF) ≥0.0035 (0.35%) in any continental population with >2000 alleles in gnomAD will meet BS1.     *    Calculated using the Prevalence of 1:30,000, Allelic Contribution of 0.5, Genetic Contribution of 1, and Penetrance of 0.75 to allow for mild VLCAD that may develop in adulthood.
ACADVL	https://www.genenames.org/tools/search/#!/?query=ACADVL	PM2	Supporting	0.001	<	raw_af	any_continental	2000		GN021	2.2	https://cspec.genome.network/cspec/ui/svi/doc/GN021?version=2.2	Variants with a highest population minor allele frequency (MAF) \<0.001 (0.1%) in any continental population with >2000 alleles in gnomAD will meet PM2\_supporting.  *    Calculated using the Prevalence of 1:100,000, Allelic Contribution of 0.2, Genetic Contribution of 1, and Penetrance of 0.75 to allow for mild VLCADD that may develop in adulthood. This was multiplied by 1.5 to account for mildly pathogenic variants being present in carriers within the population databases. *   It is acceptable for an ACADVL variant to be present in controls because VLCAD deficiency is a recessive condition. It is also possible for homozygous ACADVL variants to be present in population databases due to later onset of the condition. If homozygous variants are present, the number should be noted and discussed with an expert.
FBN1	https://www.genenames.org/tools/search/#!/?query=FBN1	BA1	StandAlone	0.001	>=	raw_af				GN022	1.0	https://cspec.genome.network/cspec/ui/svi/doc/GN022?version=1.0	Allele frequency above 0.1% in ExAc and gnomAD * Use the ethnic population with the highest allele frequency. * Caveat: Do not use Finnish, Ashkenazi Jewish, or “Other” populations in gnomAD. * Minimum amount of studied alleles should be 2000.
FBN1	https://www.genenames.org/tools/search/#!/?query=FBN1	BS1	Strong	5.000e-05	>	raw_af				GN022	1.0	https://cspec.genome.network/cspec/ui/svi/doc/GN022?version=1.0	Allele frequency greater than expected for disease (>0.005%). * Use the ethnic population with the highest allele frequency. * Caveat: Do not use Finnish, Ashkenazi Jewish, or “Other” populations in gnomAD. * Minimum amount of studied alleles should be 2000.
FBN1	https://www.genenames.org/tools/search/#!/?query=FBN1	PM2	Supporting	5.000e-06	<	raw_af				GN022	1.0	https://cspec.genome.network/cspec/ui/svi/doc/GN022?version=1.0	* Threshold: <5.0E-6 (<0.0005%). * Use the highest ethnic population allele frequency. * Caveat: PVS1 + PM2_Supportive may reach Likely Pathogenic. * Caveat: Do not use Finnish, Ashkenazi Jewish, or “Other” populations in gnomAD. * Minimum amount of studied alleles should be 2000.
MYO15A	https://www.genenames.org/tools/search/#!/?query=MYO15A	BA1	StandAlone	0.005	>=	raw_af				GN023	1.0	https://cspec.genome.network/cspec/ui/svi/doc/GN023?version=1.0	MAF of ≥0.005 (0.5%) for autosomal recessive.
MYO15A	https://www.genenames.org/tools/search/#!/?query=MYO15A	BS1	Supporting	0.0007	>=	raw_af				GN023	1.0	https://cspec.genome.network/cspec/ui/svi/doc/GN023?version=1.0	MAF of ≥0.0007 (0.07%) for autosomal recessive.
MYO15A	https://www.genenames.org/tools/search/#!/?query=MYO15A	BS1	VeryStrong	0.003	>=	raw_af				GN023	1.0	https://cspec.genome.network/cspec/ui/svi/doc/GN023?version=1.0	MAF of ≥0.003 (0.3%) for autosomal recessive. Likely benign, provided there is no conflicting evidence.
MYO15A	https://www.genenames.org/tools/search/#!/?query=MYO15A	PM2	Supporting	7.000e-05	<=	raw_af				GN023	1.0	https://cspec.genome.network/cspec/ui/svi/doc/GN023?version=1.0	Absent/Rare in population databases (absent or ≤0.00007 (0.007%) for autosomal recessive).
OTOF	https://www.genenames.org/tools/search/#!/?query=OTOF	BA1	StandAlone	0.005	>=	raw_af				GN023	1.0	https://cspec.genome.network/cspec/ui/svi/doc/GN023?version=1.0	MAF of ≥0.005 (0.5%) for autosomal recessive.
OTOF	https://www.genenames.org/tools/search/#!/?query=OTOF	BS1	Supporting	0.0007	>=	raw_af				GN023	1.0	https://cspec.genome.network/cspec/ui/svi/doc/GN023?version=1.0	MAF of ≥0.0007 (0.07%) for autosomal recessive.
OTOF	https://www.genenames.org/tools/search/#!/?query=OTOF	BS1	VeryStrong	0.003	>=	raw_af				GN023	1.0	https://cspec.genome.network/cspec/ui/svi/doc/GN023?version=1.0	MAF of ≥0.003 (0.3%) for autosomal recessive. Likely benign, provided there is no conflicting evidence.
OTOF	https://www.genenames.org/tools/search/#!/?query=OTOF	PM2	Supporting	7.000e-05	<=	raw_af				GN023	1.0	https://cspec.genome.network/cspec/ui/svi/doc/GN023?version=1.0	Absent/Rare in population databases (absent or ≤0.00007 (0.007%) for autosomal recessive).
DICER1	https://www.genenames.org/tools/search/#!/?query=DICER1	BA1	StandAlone	0.003	>	raw_af		2000		GN024	1.4	https://cspec.genome.network/cspec/ui/svi/doc/GN024?version=1.4	Frequency >0.003 (0.3%) in gnomAD subpopulations. Subpopulations must have >2,000 alleles tested and a minimum of 5 alleles present.
DICER1	https://www.genenames.org/tools/search/#!/?query=DICER1	BS1	Strong	0.0003	>	raw_af		2000		GN024	1.4	https://cspec.genome.network/cspec/ui/svi/doc/GN024?version=1.4	Frequency >0.0003 (0.03%) in gnomAD subpopulations. Subpopulations must have >2,000 alleles tested and a minimum of 5 alleles present.
DICER1	https://www.genenames.org/tools/search/#!/?query=DICER1	PM2	Supporting	5.000e-06	<	raw_af				GN024	1.4	https://cspec.genome.network/cspec/ui/svi/doc/GN024?version=1.4	Allele frequency \<0.000005 across gnomAD with no more than one allele in any subpopulation and at least 20x coverage.
GATM	https://www.genenames.org/tools/search/#!/?query=GATM	BA1	StandAlone	0.0005	>	grpmax				GN025	2.0	https://cspec.genome.network/cspec/ui/svi/doc/GN025?version=2.0	**GrpMax >0.0005 (0.05%) in gnomAD**  *   Any variant with a GrpMax (lower bound 95%ile) >0.0005 in gnomAD. Use the current version recommended by SVI; version number will be stated in classification summary.  *   Threshold based on (max allelic contribution = 100% and max genetic contribution = 100% based on estimated prevalence of 1 in 3,450,000 (PMID 27233232), and penetrance of 100%) (PMID 30311383) (see Appendix 3)
GATM	https://www.genenames.org/tools/search/#!/?query=GATM	BS1	Strong	0.0001	>	grpmax				GN025	2.0	https://cspec.genome.network/cspec/ui/svi/doc/GN025?version=2.0	**GrpMax >0.0001 (0.01%) in gnomAD**  *   Any variant with a GrpMax (lower bound 95%ile) >0.0001 in gnomAD. Use the current version recommended by SVI; version number will be stated in classification summary. *    Threshold based on max allelic contribution = 25% and max genetic contribution = 100% based on estimated prevalence of 1 in 3,450,000, (PMID 27233232), and penetrance of 100%) (PMID 30311383) (see Appendix 3).
GATM	https://www.genenames.org/tools/search/#!/?query=GATM	PM2	Supporting	5.500e-05	<	raw_af				GN025	2.0	https://cspec.genome.network/cspec/ui/svi/doc/GN025?version=2.0	**Allele frequency \<0.000055 (\<0.0055%) in all populations in gnomAD.**  CCDS VCEP notes: It is acceptable for a GATM variant to be present in controls, if heterozygous, because AGAT-D is a recessive disorder. Homozygotes should not be seen in a population database, such as gnomAD, because the penetrance of this condition in individuals with biallelic pathogenic variants is expected to be 100%.   GATM specifications:  *   All subpopulations in gnomAD must have a maximum allele frequency less than 0.000055 (based on the prevalence of the most common suspected pathogenic variants, c.484+1G>T and p.Arg169Ter) (see Appendix 4). Use the current version recommended by SVI; version number will be stated in classification summary. *   Note – PM2 will NOT be used at moderate strength; PM2 will only be applied as a Supporting criterion. *   If homozygotes are observed, the variant will meet BS2 (assuming 100% penetrance for an individual with 2 pathogenic variants in trans).
GAMT	https://www.genenames.org/tools/search/#!/?query=GAMT	BA1	StandAlone	0.003	>	raw_af	any_continental	2000		GN026	2.0	https://cspec.genome.network/cspec/ui/svi/doc/GN026?version=2.0	*   Allele frequency >0.003 (0.3%) in gnomAD v4.0 in any continental population with >2000 alleles (based on the estimated prevalence 1 in 114,000, PMID 24071436) in gnomAD v4.0 (max allelic contribution = 100%; max genetic contribution = 100%). *   Use the highest population minor allele frequency (MAF) in any given continental population with >2,000 alleles (European non-Finnish, African, East Asian, South Asian, Latino) (PMID 30311383).
GAMT	https://www.genenames.org/tools/search/#!/?query=GAMT	BS1	Strong	0.001	>	raw_af	any_continental	2000		GN026	2.0	https://cspec.genome.network/cspec/ui/svi/doc/GN026?version=2.0	*   Allele frequency >0.001 (0.1%) in gnomAD v4.0 in any continental population with >2000 alleles (based on the estimated prevalence 1 in 114,000 (PMID: 24071436) in gnomAD v4.0 (max allelic contribution = 40%; max genetic contribution = 100%). *   Use the highest population minor allele frequency (MAF) in any given continental population with >2,000 alleles (European non-Finnish, African, East Asian, South Asian, Latino) (PMID 30311383).
GAMT	https://www.genenames.org/tools/search/#!/?query=GAMT	PM2	Supporting	0.0004	<	raw_af				GN026	2.0	https://cspec.genome.network/cspec/ui/svi/doc/GN026?version=2.0	**Allele frequency \<0.0004 (\<0.04%) in all populations in gnomAD.**  It is acceptable for a GAMT variant to be present in controls, if heterozygous, because GAMT-D is a recessive disorder. Homozygotes should not be seen in a population database, such as gnomAD, because the penetrance of this condition in individuals with biallelic pathogenic variants is expected to be 100% and the condition is expected to present with severe symptoms early in life.  GAMT specifications:  *   All subpopulations in gnomAD v4.0 must have a maximum allele frequency less than 0.0004 (the highest population minor allele frequency of the most common pathogenic GAMT variant, c.327G>A, in gnomAD). Any variant with a frequency below this cutoff will meet PM2\_Supporting. *   If homozygotes are observed, or variant is confirmed in trans with a known pathogenic variant, the variant will meet BS2 (assuming 100% penetrance for an individual with 2 pathogenic variants in trans).
SLC6A8	https://www.genenames.org/tools/search/#!/?query=SLC6A8	BA1	StandAlone	0.002	>=	faf95	all			GN027	2.1	https://cspec.genome.network/cspec/ui/svi/doc/GN027?version=2.1	Applicable when Grpmax Filtering Allele Frequency is ≥0.002 (0.2%) OR ≥10 homo- or hemizygotes (or the sum of total hemi- and homozygotes) are present in the most current version of gnomAD available at the time of curation.
SLC6A8	https://www.genenames.org/tools/search/#!/?query=SLC6A8	BS1	Strong	0.0002	>=	faf95				GN027	2.1	https://cspec.genome.network/cspec/ui/svi/doc/GN027?version=2.1	Applicable when Grpmax Filtering Allele Frequency is ≥0.0002 (0.02%)
SLC6A8	https://www.genenames.org/tools/search/#!/?query=SLC6A8	PM2	Supporting	2.000e-05	<=	faf95				GN027	2.1	https://cspec.genome.network/cspec/ui/svi/doc/GN027?version=2.1	Applicable when Grpmax Filtering Allele Frequency is ≤0.00002 (0.002%) AND 0 homo- or hemizygotes are present in the most current version of gnomAD available at the time of curation
TCF4	https://www.genenames.org/tools/search/#!/?query=TCF4	BA1	StandAlone	0.0005	>=	raw_af	any_continental	2000		GN032	6.0	https://cspec.genome.network/cspec/ui/svi/doc/GN032?version=6.0	Allele frequency above 0.05%.  *   Use large population databases (i.e. gnomAD). *   Use if variant is present at ≥0.000083 (0.0083%) in any sub-population. *   Use if allele frequency is met in any general continental population dataset of at least 2,000 observed alleles.
TCF4	https://www.genenames.org/tools/search/#!/?query=TCF4	BS1	Strong	8.300e-05	>=	raw_af	any_continental	2000		GN032	6.0	https://cspec.genome.network/cspec/ui/svi/doc/GN032?version=6.0	Allele frequency greater than expected for disease.  *   Use large population databases (i.e. gnomAD). *   Use if variant is present at ≥0.0000083 (0.00083%) and \<0.000083 (0.0083%) in any sub-population. *   Use if allele frequency is met in any general continental population dataset of at least 2,000 observed alleles.
TCF4	https://www.genenames.org/tools/search/#!/?query=TCF4	PM2	Supporting	0	<=	raw_af				GN032	6.0	https://cspec.genome.network/cspec/ui/svi/doc/GN032?version=6.0	Absent/rare from controls in an ethnically-matched cohort population sample. * Use if absent, zero observations in control databases.
SLC9A6	https://www.genenames.org/tools/search/#!/?query=SLC9A6	BA1	StandAlone	8.300e-05	>=	raw_af	any_continental	2000		GN033	6.0	https://cspec.genome.network/cspec/ui/svi/doc/GN033?version=6.0	*   Use large population databases (i.e. gnomAD). *   Use if variant is present at ≥0.000083 (0.0083%) in any sub-population. *   Use if allele frequency is met in any general continental population dataset of at least 2,000 observed alleles.
SLC9A6	https://www.genenames.org/tools/search/#!/?query=SLC9A6	BS1	Strong	8.300e-06	>=	raw_af	any_continental	2000		GN033	6.0	https://cspec.genome.network/cspec/ui/svi/doc/GN033?version=6.0	*   Use large population databases (i.e. gnomAD). *   Use if variant is present at ≥0.0000083 (0.00083%) and \<0.000083 (0.0083%) in any sub-population. *   Use if allele frequency is met in any general continental population dataset of at least 2,000 observed alleles.
SLC9A6	https://www.genenames.org/tools/search/#!/?query=SLC9A6	PM2	Supporting	0	<=	raw_af				GN033	6.0	https://cspec.genome.network/cspec/ui/svi/doc/GN033?version=6.0	Absent/rare from controls in an ethnically-matched cohort population sample. * Use if absent, zero observations in control databases.
CDKL5	https://www.genenames.org/tools/search/#!/?query=CDKL5	BA1	StandAlone	0.0005	>=	raw_af	any_continental	2000		GN034	6.0	https://cspec.genome.network/cspec/ui/svi/doc/GN034?version=6.0	Allele frequency above 0.05%.  *   Use large population databases (i.e. gnomAD). *   Use if variant is present at ≥0.000083 (0.0083%) in any sub-population. *   Use if allele frequency is met in any general continental population dataset of at least 2,000 observed alleles.
CDKL5	https://www.genenames.org/tools/search/#!/?query=CDKL5	BS1	Strong	8.300e-05	>=	raw_af	any_continental	2000		GN034	6.0	https://cspec.genome.network/cspec/ui/svi/doc/GN034?version=6.0	Allele frequency greater than expected for disease (0.025%).  *   Use large population databases (i.e. gnomAD). *   Use if variant is present at ≥0.0000083 (0.00083%) and \<0.000083 (0.0083%) in any sub-population. *   Use if allele frequency is met in any general continental population dataset of at least 2,000 observed alleles.
CDKL5	https://www.genenames.org/tools/search/#!/?query=CDKL5	PM2	Supporting	0	<=	raw_af				GN034	6.0	https://cspec.genome.network/cspec/ui/svi/doc/GN034?version=6.0	Absent/rare from controls in an ethnically-matched cohort population sample. * Use if absent, zero observations in control databases.
FOXG1	https://www.genenames.org/tools/search/#!/?query=FOXG1	BA1	StandAlone	8.300e-05	>=	raw_af	any_continental	2000		GN035	6.0	https://cspec.genome.network/cspec/ui/svi/doc/GN035?version=6.0	*   Use large population databases (i.e. gnomAD). *   Use if variant is present at ≥0.000083 (0.0083%) in any sub-population. *   Use if allele frequency is met in any general continental population dataset of at least 2,000 observed alleles.
FOXG1	https://www.genenames.org/tools/search/#!/?query=FOXG1	BS1	Strong	8.300e-06	>=	raw_af	any_continental	2000		GN035	6.0	https://cspec.genome.network/cspec/ui/svi/doc/GN035?version=6.0	*   Use large population databases (i.e. gnomAD). *   Use if variant is present at ≥0.0000083 (0.00083%) and \<0.000083 (0.0083%) in any sub-population. *   Use if allele frequency is met in any general continental population dataset of at least 2,000 observed alleles.
FOXG1	https://www.genenames.org/tools/search/#!/?query=FOXG1	PM2	Supporting	0	<=	raw_af				GN035	6.0	https://cspec.genome.network/cspec/ui/svi/doc/GN035?version=6.0	Absent/rare from controls in an ethnically-matched cohort population sample. * Use if absent, zero observations in control databases.
MECP2	https://www.genenames.org/tools/search/#!/?query=MECP2	BA1	StandAlone	8.300e-05	>=	raw_af	any_continental	2000		GN036	6.0	https://cspec.genome.network/cspec/ui/svi/doc/GN036?version=6.0	*   Use large population databases (i.e. gnomAD). *   Use if variant is present at ≥0.000083 (0.0083%) in any sub-population. *   Use if allele frequency is met in any general continental population dataset of at least 2,000 observed alleles.
MECP2	https://www.genenames.org/tools/search/#!/?query=MECP2	BS1	Strong	8.300e-06	>=	raw_af	any_continental	2000		GN036	6.0	https://cspec.genome.network/cspec/ui/svi/doc/GN036?version=6.0	*   Use large population databases (i.e. gnomAD). *   Use if variant is present at ≥0.0000083 (0.00083%) and \<0.000083 (0.0083%) in any sub-population. *   Use if allele frequency is met in any general continental population dataset of at least 2,000 observed alleles.
MECP2	https://www.genenames.org/tools/search/#!/?query=MECP2	PM2	Supporting	0	<=	raw_af				GN036	6.0	https://cspec.genome.network/cspec/ui/svi/doc/GN036?version=6.0	Absent/rare from controls in an ethnically-matched cohort population sample. * Use if absent, zero observations in control databases.
UBE3A	https://www.genenames.org/tools/search/#!/?query=UBE3A	BA1	StandAlone	8.300e-05	>=	raw_af	any_continental	2000		GN037	7.0	https://cspec.genome.network/cspec/ui/svi/doc/GN037?version=7.0	*   Use large population databases (i.e. gnomAD). *   Use if variant is present at ≥0.000083 (0.0083%) in any sub-population. *   Use if allele frequency is met in any general continental population dataset of at least 2,000 observed alleles.
UBE3A	https://www.genenames.org/tools/search/#!/?query=UBE3A	BS1	Strong	8.300e-06	>=	raw_af	any_continental	2000		GN037	7.0	https://cspec.genome.network/cspec/ui/svi/doc/GN037?version=7.0	*   Use large population databases (i.e. gnomAD). *   Use if variant is present at ≥0.0000083 (0.00083%) and \<0.000083 (0.0083%) in any sub-population. *   Use if allele frequency is met in any general continental population dataset of at least 2,000 observed alleles.
UBE3A	https://www.genenames.org/tools/search/#!/?query=UBE3A	PM2	Supporting	0	<=	raw_af				GN037	7.0	https://cspec.genome.network/cspec/ui/svi/doc/GN037?version=7.0	Absent/rare from controls in an ethnically-matched cohort population sample. * Use if absent, zero observations in control databases.
SHOC2	https://www.genenames.org/tools/search/#!/?query=SHOC2	BA1	StandAlone	0.0005	>=	faf95				GN038	2.3	https://cspec.genome.network/cspec/ui/svi/doc/GN038?version=2.3	GnomAD filtering allele frequency ≥0.05%.
SHOC2	https://www.genenames.org/tools/search/#!/?query=SHOC2	BS1	Strong	0.00025	>=	faf95				GN038	2.3	https://cspec.genome.network/cspec/ui/svi/doc/GN038?version=2.3	GnomAD filtering allele frequency ≥0.025%.
SHOC2	https://www.genenames.org/tools/search/#!/?query=SHOC2	PM2	Supporting	0	<=	raw_af				GN038	2.3	https://cspec.genome.network/cspec/ui/svi/doc/GN038?version=2.3	The variant must be absent from controls (gnomAD).
NRAS	https://www.genenames.org/tools/search/#!/?query=NRAS	BA1	StandAlone	0.0005	>=	faf95				GN039	2.3	https://cspec.genome.network/cspec/ui/svi/doc/GN039?version=2.3	GnomAD filtering allele frequency ≥0.05%.
NRAS	https://www.genenames.org/tools/search/#!/?query=NRAS	BS1	Strong	0.00025	>=	faf95				GN039	2.3	https://cspec.genome.network/cspec/ui/svi/doc/GN039?version=2.3	GnomAD filtering allele frequency ≥0.025%.
NRAS	https://www.genenames.org/tools/search/#!/?query=NRAS	PM2	Supporting	0	<=	raw_af				GN039	2.3	https://cspec.genome.network/cspec/ui/svi/doc/GN039?version=2.3	The variant must be absent from controls (gnomAD).
RAF1	https://www.genenames.org/tools/search/#!/?query=RAF1	BA1	StandAlone	0.0005	>=	faf95				GN040	2.3	https://cspec.genome.network/cspec/ui/svi/doc/GN040?version=2.3	GnomAD filtering allele frequency ≥0.05%.
RAF1	https://www.genenames.org/tools/search/#!/?query=RAF1	BS1	Strong	0.00025	>=	faf95				GN040	2.3	https://cspec.genome.network/cspec/ui/svi/doc/GN040?version=2.3	GnomAD filtering allele frequency ≥0.025%.
RAF1	https://www.genenames.org/tools/search/#!/?query=RAF1	PM2	Supporting	0	<=	raw_af				GN040	2.3	https://cspec.genome.network/cspec/ui/svi/doc/GN040?version=2.3	The variant must be absent from controls (gnomAD).
SOS1	https://www.genenames.org/tools/search/#!/?query=SOS1	BA1	StandAlone	0.0005	>=	faf95				GN041	2.3	https://cspec.genome.network/cspec/ui/svi/doc/GN041?version=2.3	GnomAD filtering allele frequency ≥0.05%.
SOS1	https://www.genenames.org/tools/search/#!/?query=SOS1	BS1	Strong	0.00025	>=	faf95				GN041	2.3	https://cspec.genome.network/cspec/ui/svi/doc/GN041?version=2.3	GnomAD filtering allele frequency ≥0.025%.
SOS1	https://www.genenames.org/tools/search/#!/?query=SOS1	PM2	Supporting	0	<=	raw_af				GN041	2.3	https://cspec.genome.network/cspec/ui/svi/doc/GN041?version=2.3	The variant must be absent from controls (gnomAD).
SOS2	https://www.genenames.org/tools/search/#!/?query=SOS2	BA1	StandAlone	0.0005	>=	faf95				GN042	2.3	https://cspec.genome.network/cspec/ui/svi/doc/GN042?version=2.3	GnomAD filtering allele frequency ≥0.05%.
SOS2	https://www.genenames.org/tools/search/#!/?query=SOS2	BS1	Strong	0.00025	>=	faf95				GN042	2.3	https://cspec.genome.network/cspec/ui/svi/doc/GN042?version=2.3	GnomAD filtering allele frequency ≥0.025%.
SOS2	https://www.genenames.org/tools/search/#!/?query=SOS2	PM2	Supporting	0	<=	raw_af				GN042	2.3	https://cspec.genome.network/cspec/ui/svi/doc/GN042?version=2.3	The variant must be absent from controls (gnomAD).
PTPN11	https://www.genenames.org/tools/search/#!/?query=PTPN11	BA1	StandAlone	0.0005	>=	faf95				GN043	2.3	https://cspec.genome.network/cspec/ui/svi/doc/GN043?version=2.3	GnomAD filtering allele frequency ≥0.05%.
PTPN11	https://www.genenames.org/tools/search/#!/?query=PTPN11	BS1	Strong	0.00025	>=	faf95				GN043	2.3	https://cspec.genome.network/cspec/ui/svi/doc/GN043?version=2.3	GnomAD filtering allele frequency ≥0.025%.
PTPN11	https://www.genenames.org/tools/search/#!/?query=PTPN11	PM2	Supporting	0	<=	raw_af				GN043	2.3	https://cspec.genome.network/cspec/ui/svi/doc/GN043?version=2.3	The variant must be absent from controls (gnomAD).
KRAS	https://www.genenames.org/tools/search/#!/?query=KRAS	BA1	StandAlone	0.0005	>=	faf95				GN044	2.3	https://cspec.genome.network/cspec/ui/svi/doc/GN044?version=2.3	GnomAD filtering allele frequency ≥0.05%.
KRAS	https://www.genenames.org/tools/search/#!/?query=KRAS	BS1	Strong	0.00025	>=	faf95				GN044	2.3	https://cspec.genome.network/cspec/ui/svi/doc/GN044?version=2.3	GnomAD filtering allele frequency ≥0.025%.
KRAS	https://www.genenames.org/tools/search/#!/?query=KRAS	PM2	Supporting	0	<=	raw_af				GN044	2.3	https://cspec.genome.network/cspec/ui/svi/doc/GN044?version=2.3	The variant must be absent from controls (gnomAD).
MAP2K1	https://www.genenames.org/tools/search/#!/?query=MAP2K1	BA1	StandAlone	0.0005	>=	faf95				GN045	2.3	https://cspec.genome.network/cspec/ui/svi/doc/GN045?version=2.3	GnomAD filtering allele frequency ≥0.05%.
MAP2K1	https://www.genenames.org/tools/search/#!/?query=MAP2K1	BS1	Strong	0.00025	>=	faf95				GN045	2.3	https://cspec.genome.network/cspec/ui/svi/doc/GN045?version=2.3	GnomAD filtering allele frequency ≥0.025%.
MAP2K1	https://www.genenames.org/tools/search/#!/?query=MAP2K1	PM2	Supporting	0	<=	raw_af				GN045	2.3	https://cspec.genome.network/cspec/ui/svi/doc/GN045?version=2.3	The variant must be absent from controls (gnomAD).
HRAS	https://www.genenames.org/tools/search/#!/?query=HRAS	BA1	StandAlone	0.0005	>=	faf95				GN046	2.3	https://cspec.genome.network/cspec/ui/svi/doc/GN046?version=2.3	GnomAD filtering allele frequency ≥0.05%.
HRAS	https://www.genenames.org/tools/search/#!/?query=HRAS	BS1	Strong	0.00025	>=	faf95				GN046	2.3	https://cspec.genome.network/cspec/ui/svi/doc/GN046?version=2.3	GnomAD filtering allele frequency ≥0.025%.
HRAS	https://www.genenames.org/tools/search/#!/?query=HRAS	PM2	Supporting	0	<=	raw_af				GN046	2.3	https://cspec.genome.network/cspec/ui/svi/doc/GN046?version=2.3	The variant must be absent from controls (gnomAD).
RIT1	https://www.genenames.org/tools/search/#!/?query=RIT1	BA1	StandAlone	0.0005	>=	faf95				GN047	2.3	https://cspec.genome.network/cspec/ui/svi/doc/GN047?version=2.3	GnomAD filtering allele frequency ≥0.05%.
RIT1	https://www.genenames.org/tools/search/#!/?query=RIT1	BS1	Strong	0.00025	>=	faf95				GN047	2.3	https://cspec.genome.network/cspec/ui/svi/doc/GN047?version=2.3	GnomAD filtering allele frequency ≥0.025%.
RIT1	https://www.genenames.org/tools/search/#!/?query=RIT1	PM2	Supporting	0	<=	raw_af				GN047	2.3	https://cspec.genome.network/cspec/ui/svi/doc/GN047?version=2.3	The variant must be absent from controls (gnomAD).
MAP2K2	https://www.genenames.org/tools/search/#!/?query=MAP2K2	BA1	StandAlone	0.0005	>=	faf95				GN048	2.3	https://cspec.genome.network/cspec/ui/svi/doc/GN048?version=2.3	GnomAD filtering allele frequency ≥0.05%.
MAP2K2	https://www.genenames.org/tools/search/#!/?query=MAP2K2	BS1	Strong	0.00025	>=	faf95				GN048	2.3	https://cspec.genome.network/cspec/ui/svi/doc/GN048?version=2.3	GnomAD filtering allele frequency ≥0.025%.
MAP2K2	https://www.genenames.org/tools/search/#!/?query=MAP2K2	PM2	Supporting	0	<=	raw_af				GN048	2.3	https://cspec.genome.network/cspec/ui/svi/doc/GN048?version=2.3	The variant must be absent from controls (gnomAD).
BRAF	https://www.genenames.org/tools/search/#!/?query=BRAF	BA1	StandAlone	0.0005	>=	faf95				GN049	2.3	https://cspec.genome.network/cspec/ui/svi/doc/GN049?version=2.3	GnomAD filtering allele frequency ≥0.05%.
BRAF	https://www.genenames.org/tools/search/#!/?query=BRAF	BS1	Strong	0.00025	>=	faf95				GN049	2.3	https://cspec.genome.network/cspec/ui/svi/doc/GN049?version=2.3	GnomAD filtering allele frequency ≥0.025%.
BRAF	https://www.genenames.org/tools/search/#!/?query=BRAF	PM2	Supporting	0	<=	raw_af				GN049	2.3	https://cspec.genome.network/cspec/ui/svi/doc/GN049?version=2.3	The variant must be absent from controls (gnomAD).
SCN1A	https://www.genenames.org/tools/search/#!/?query=SCN1A	BA1	StandAlone	0.0002	>=	raw_af		10000		GN067	2.0	https://cspec.genome.network/cspec/ui/svi/doc/GN067?version=2.0	Allele frequency is above 0.02% in GnomAD or other large population database, must be greater than or equal to 5 alleles if a minimum of 10,000 alleles was assessed.
SCN1A	https://www.genenames.org/tools/search/#!/?query=SCN1A	BS1	Strong	4.000e-06	>=	raw_af		10000		GN067	2.0	https://cspec.genome.network/cspec/ui/svi/doc/GN067?version=2.0	Allele frequency is above 0.0004% in GnomAD or other large population database, must be greater than or equal to 5 alleles if a minimum of 10,000 alleles was assessed.
SCN1A	https://www.genenames.org/tools/search/#!/?query=SCN1A	PM2	Supporting	0	<=	raw_af				GN067	2.0	https://cspec.genome.network/cspec/ui/svi/doc/GN067?version=2.0	One or fewer alleles, if a minimum of 10,000 alleles assessed in population databases, such as the Genome Aggregation Database (gnomAD). Caveat: Population data for indels may be poorly called by next generation sequencing.
SCN2A	https://www.genenames.org/tools/search/#!/?query=SCN2A	BA1	StandAlone	0.0001	>=	raw_af		10000		GN068	2.0	https://cspec.genome.network/cspec/ui/svi/doc/GN068?version=2.0	Allele frequency is above **0.01%** is gnomAD or other large population databases, must be greater than or equal to 5 alleles if a minimum of 10,000 alleles was assessed.
SCN2A	https://www.genenames.org/tools/search/#!/?query=SCN2A	BS1	Strong	2.000e-06	>=	raw_af		10000		GN068	2.0	https://cspec.genome.network/cspec/ui/svi/doc/GN068?version=2.0	Allele frequency is above 0.0002% in GnomAD or other large population database, must be greater than or equal to 5 alleles if a minimum of 10,000 alleles was assessed.
SCN2A	https://www.genenames.org/tools/search/#!/?query=SCN2A	PM2	Supporting	0	<=	raw_af				GN068	2.0	https://cspec.genome.network/cspec/ui/svi/doc/GN068?version=2.0	One or fewer alleles, if a minimum of 10,000 alleles assessed in population databases, such as the Genome Aggregation Database (gnomAD). Caveat: Population data for indels may be poorly called by next generation sequencing.
SCN3A	https://www.genenames.org/tools/search/#!/?query=SCN3A	BA1	StandAlone	0.0001	>=	raw_af		10000		GN069	2.1	https://cspec.genome.network/cspec/ui/svi/doc/GN069?version=2.1	Allele frequency is above **0.01%** is gnomAD or other large population databases, must be greater than or equal to 5 alleles if a minimum of 10,000 alleles was assessed.
SCN3A	https://www.genenames.org/tools/search/#!/?query=SCN3A	BS1	Strong	2.000e-06	>=	raw_af		10000		GN069	2.1	https://cspec.genome.network/cspec/ui/svi/doc/GN069?version=2.1	Allele frequency is above 0.0002% in GnomAD or other large population database, must be greater than or equal to 5 alleles if a minimum of 10,000 alleles was assessed.
SCN3A	https://www.genenames.org/tools/search/#!/?query=SCN3A	PM2	Supporting	0	<=	raw_af				GN069	2.1	https://cspec.genome.network/cspec/ui/svi/doc/GN069?version=2.1	One or fewer alleles, if a minimum of 10,000 alleles assessed in population databases, such as the Genome Aggregation Database (gnomAD). Caveat: Population data for indels may be poorly called by next generation sequencing.
SCN8A	https://www.genenames.org/tools/search/#!/?query=SCN8A	BA1	StandAlone	0.0001	>=	raw_af		10000		GN070	2.0	https://cspec.genome.network/cspec/ui/svi/doc/GN070?version=2.0	Allele frequency is above **0.01%** is gnomAD or other large population databases, must be greater than or equal to 5 alleles if a minimum of 10,000 alleles was assessed.
SCN8A	https://www.genenames.org/tools/search/#!/?query=SCN8A	BS1	Strong	2.000e-06	>=	raw_af		10000		GN070	2.0	https://cspec.genome.network/cspec/ui/svi/doc/GN070?version=2.0	Allele frequency is above 0.0002% in GnomAD or other large population database, must be greater than or equal to 5 alleles if a minimum of 10,000 alleles was assessed.
SCN8A	https://www.genenames.org/tools/search/#!/?query=SCN8A	PM2	Supporting	0	<=	raw_af				GN070	2.0	https://cspec.genome.network/cspec/ui/svi/doc/GN070?version=2.0	One or fewer alleles, if a minimum of 10,000 alleles assessed in population databases, such as the Genome Aggregation Database (gnomAD). Caveat: Population data for indels may be poorly called by next generation sequencing.
F8	https://www.genenames.org/tools/search/#!/?query=F8	BA1	StandAlone	0.000333	>=	raw_af				GN071	2.0	https://cspec.genome.network/cspec/ui/svi/doc/GN071?version=2.0	MAF cutoff of greater or equal to 0.0333% (or 0.000333).
F8	https://www.genenames.org/tools/search/#!/?query=F8	BS1	Strong	3.330e-05	>=	raw_af				GN071	2.0	https://cspec.genome.network/cspec/ui/svi/doc/GN071?version=2.0	MAF cutoff of greater than or equal to 0.00333% (or 0.0000333).
F8	https://www.genenames.org/tools/search/#!/?query=F8	PM2	Supporting	0	<=	raw_af				GN071	2.0	https://cspec.genome.network/cspec/ui/svi/doc/GN071?version=2.0	Variant must be absent in males in population databases, such as gnomAD.
SCN1B	https://www.genenames.org/tools/search/#!/?query=SCN1B	BA1	StandAlone	0.003	>=	raw_af		10000		GN076	2.0	https://cspec.genome.network/cspec/ui/svi/doc/GN076?version=2.0	Allele frequency is above **0.3%** in GnomAD or other large population database, must be greater than or equal to 5 alleles if a minimum of 10,000 alleles was assessed.
SCN1B	https://www.genenames.org/tools/search/#!/?query=SCN1B	BS1	Strong	0.0001	>=	raw_af		10000		GN076	2.0	https://cspec.genome.network/cspec/ui/svi/doc/GN076?version=2.0	Allele frequency is above **0.01%** in GnomAD or other large population database, must be greater than or equal to 5 alleles if a minimum of 10,000 alleles was assessed.
SCN1B	https://www.genenames.org/tools/search/#!/?query=SCN1B	PM2	Supporting	0	<=	raw_af				GN076	2.0	https://cspec.genome.network/cspec/ui/svi/doc/GN076?version=2.0	One or fewer alleles, if a minimum of 10,000 alleles assessed in population databases, such as the Genome Aggregation Database (gnomAD). Caveat: Population data for indels may be poorly called by next generation sequencing.
PALB2	https://www.genenames.org/tools/search/#!/?query=PALB2	BA1	StandAlone	0.001	>	grpmax				GN077	1.2	https://cspec.genome.network/cspec/ui/svi/doc/GN077?version=1.2	Grpmax Filtering AF **\>.1%** in gnomAD v4 dataset
PALB2	https://www.genenames.org/tools/search/#!/?query=PALB2	BS1	Strong	0.0001	>	grpmax				GN077	1.2	https://cspec.genome.network/cspec/ui/svi/doc/GN077?version=1.2	Grpmax Filtering AF **\>.01%** in gnomAD v4 dataset
PALB2	https://www.genenames.org/tools/search/#!/?query=PALB2	PM2	Supporting	3.333e-06	<=	raw_af				GN077	1.2	https://cspec.genome.network/cspec/ui/svi/doc/GN077?version=1.2	Frequency ≤ 1/300,000 (**0.000333%**) in gnomAD v4 dataset
VHL	https://www.genenames.org/tools/search/#!/?query=VHL	BA1	StandAlone	0.000156	>=	faf95				GN078	1.1	https://cspec.genome.network/cspec/ui/svi/doc/GN078?version=1.1	Use a BA1 cut off of >=0.000156 (0.0156%) GroupMax Filtering Allele Frequency in gnomAD (based on gnomAD v4 release).
VHL	https://www.genenames.org/tools/search/#!/?query=VHL	BS1	Strong	1.560e-05	>=	faf95				GN078	1.1	https://cspec.genome.network/cspec/ui/svi/doc/GN078?version=1.1	Use BS1 cut off of  >=0.0000156 (0.00156%) GroupMax Filtering Allele Frequency in gnomAD (based on gnomAD v4).
VHL	https://www.genenames.org/tools/search/#!/?query=VHL	PM2	Supporting	1.560e-06	<=	faf95				GN078	1.1	https://cspec.genome.network/cspec/ui/svi/doc/GN078?version=1.1	PM2\_Supporting can be applied for variants either absent from gnomAD or with \<= 0.00000156 (0.000156%) GroupMax Filtering Allele Frequency in gnomAD (based on gnomAD v4 release). If no GroupMax Filtering Allele Frequency is calculated (ex. due to a single variant present), PM2\_Supporting may also be applied.
GP1BA	https://www.genenames.org/tools/search/#!/?query=GP1BA	BA1	StandAlone	0.001	>=	raw_af				GN079	1.1	https://cspec.genome.network/cspec/ui/svi/doc/GN079?version=1.1	gnomAD MAF of greater than or equal to 0.001 (or 0.1%).
GP1BA	https://www.genenames.org/tools/search/#!/?query=GP1BA	BS1	Strong	0.0005	>=	raw_af				GN079	1.1	https://cspec.genome.network/cspec/ui/svi/doc/GN079?version=1.1	gnomAD MAF greater than or equal to 0.0005 but less than 0.001.
GP1BA	https://www.genenames.org/tools/search/#!/?query=GP1BA	PM2	Supporting	0.0001114	<	raw_af				GN079	1.1	https://cspec.genome.network/cspec/ui/svi/doc/GN079?version=1.1	gnomAD MAF of less than or equal to 0.0001114.
F9	https://www.genenames.org/tools/search/#!/?query=F9	BA1	StandAlone	5.560e-05	>=	raw_af				GN080	2.1	https://cspec.genome.network/cspec/ui/svi/doc/GN080?version=2.1	MAF cutoff of greater than or equal to 0.0000556 (or 0.00556%).
F9	https://www.genenames.org/tools/search/#!/?query=F9	BS1	Strong	5.560e-06	>=	raw_af				GN080	2.1	https://cspec.genome.network/cspec/ui/svi/doc/GN080?version=2.1	MAF cutoff of greater than or equal to 0.00000556 (or 0.000556%).
F9	https://www.genenames.org/tools/search/#!/?query=F9	PM2	Supporting	0	<=	raw_af				GN080	2.1	https://cspec.genome.network/cspec/ui/svi/doc/GN080?version=2.1	Variant must be absent in males in population databases, such as gnomAD.
VWF	https://www.genenames.org/tools/search/#!/?query=VWF	BA1	StandAlone	0.1	>	popmax				GN081	1.0	https://cspec.genome.network/cspec/ui/svi/doc/GN081?version=1.0	Appropriate to use for variants with a Popmax MAF of >0.1 in gnomAD.
VWF	https://www.genenames.org/tools/search/#!/?query=VWF	BS1	Strong	0.01	>	popmax				GN081	1.0	https://cspec.genome.network/cspec/ui/svi/doc/GN081?version=1.0	Appropriate to use for variants with a Popmax MAF of >0.01 in gnomAD.
VWF	https://www.genenames.org/tools/search/#!/?query=VWF	PM2	Supporting	0.0001	<	popmax				GN081	1.0	https://cspec.genome.network/cspec/ui/svi/doc/GN081?version=1.0	Use code for variants with a popmax MAF of \<0.0001 in gnomAD.
GP1BB	https://www.genenames.org/tools/search/#!/?query=GP1BB	BA1	StandAlone	0.001	>=	raw_af				GN082	1.1	https://cspec.genome.network/cspec/ui/svi/doc/GN082?version=1.1	gnomAD MAF greater than or equal to 0.001 (or 0.1%) in gnomAD.
GP1BB	https://www.genenames.org/tools/search/#!/?query=GP1BB	BS1	Strong	0.0005	>=	raw_af				GN082	1.1	https://cspec.genome.network/cspec/ui/svi/doc/GN082?version=1.1	gnomAD MAF greater than or equal to 0.0005 but less than 0.001.
GP1BB	https://www.genenames.org/tools/search/#!/?query=GP1BB	PM2	Supporting	6.517e-05	<	raw_af				GN082	1.1	https://cspec.genome.network/cspec/ui/svi/doc/GN082?version=1.1	gnomAD MAF of less than or equal to 0.00006517.
GP9	https://www.genenames.org/tools/search/#!/?query=GP9	BA1	StandAlone	0.001	>=	raw_af				GN083	1.1	https://cspec.genome.network/cspec/ui/svi/doc/GN083?version=1.1	gnomAD MAF of greater than or equal to 0.001 (or 0.1%).
GP9	https://www.genenames.org/tools/search/#!/?query=GP9	BS1	Strong	0.0007	>=	raw_af				GN083	1.1	https://cspec.genome.network/cspec/ui/svi/doc/GN083?version=1.1	gnomAD MAF of greater than or equal to 0.0007 but less than 0.001.
GP9	https://www.genenames.org/tools/search/#!/?query=GP9	PM2	Supporting	3.290e-05	<	raw_af				GN083	1.1	https://cspec.genome.network/cspec/ui/svi/doc/GN083?version=1.1	gnomAD MAF of less than or equal to 0.0000329.
SERPINC1	https://www.genenames.org/tools/search/#!/?query=SERPINC1	BA1	StandAlone	0.002	>=	popmax				GN084	1.1	https://cspec.genome.network/cspec/ui/svi/doc/GN084?version=1.1	Appropriate to use for variants with a popmax MAF of greater than or equal to 0.002 in gnomAD.
SERPINC1	https://www.genenames.org/tools/search/#!/?query=SERPINC1	BS1	Strong	0.0002	>	popmax				GN084	1.1	https://cspec.genome.network/cspec/ui/svi/doc/GN084?version=1.1	Appropriate to use for variants with a Popmax MAF of >0.0002 in gnomAD.
SERPINC1	https://www.genenames.org/tools/search/#!/?query=SERPINC1	PM2	Supporting	2.000e-05	<	popmax				GN084	1.1	https://cspec.genome.network/cspec/ui/svi/doc/GN084?version=1.1	Use code for variants with a popmax MAF of \<0.00002 in gnomAD.
HNF4A	https://www.genenames.org/tools/search/#!/?query=HNF4A	BA1	StandAlone	0.0001	>=	faf95				GN085	4.0	https://cspec.genome.network/cspec/ui/svi/doc/GN085?version=4.0	gnomAD Grpmax FAF ≥ 1:10,000 (≥ 0.01% or 0.0001).
HNF4A	https://www.genenames.org/tools/search/#!/?query=HNF4A	BS1	Strong	3.333e-05	>=	faf95				GN085	4.0	https://cspec.genome.network/cspec/ui/svi/doc/GN085?version=4.0	gnomAD Grpmax FAF  ≥ 1:30,000 (≥0.0033% or 0.000033)
HNF4A	https://www.genenames.org/tools/search/#!/?query=HNF4A	PM2	Supporting	3.000e-06	<=	faf95				GN085	4.0	https://cspec.genome.network/cspec/ui/svi/doc/GN085?version=4.0	gnomAD Grpmax FAF ≤ 1:333,000 (≤ 0.000003 or 0.0003%)
GCK	https://www.genenames.org/tools/search/#!/?query=GCK	BA1	StandAlone	0.0001	>=	faf95				GN086	3.1	https://cspec.genome.network/cspec/ui/svi/doc/GN086?version=3.1	gnomAD Grpmax FAF ≥ 1:10,000 (≥ 0.01% or 0.0001)
GCK	https://www.genenames.org/tools/search/#!/?query=GCK	BS1	Strong	4.000e-05	>=	faf95				GN086	3.1	https://cspec.genome.network/cspec/ui/svi/doc/GN086?version=3.1	gnomAD Grpmax FAF ≥ 1:25,000 (0.004% or 0.00004)
GCK	https://www.genenames.org/tools/search/#!/?query=GCK	PM2	Supporting	3.000e-06	<=	faf95				GN086	3.1	https://cspec.genome.network/cspec/ui/svi/doc/GN086?version=3.1	gnomAD Grpmax FAF ≤ 1:333,000 (≤ 0.000003 or 0.0003%)
MRAS	https://www.genenames.org/tools/search/#!/?query=MRAS	BA1	StandAlone	0.0005	>=	faf95				GN087	1.4	https://cspec.genome.network/cspec/ui/svi/doc/GN087?version=1.4	GnomAD filtering allele frequency ≥0.05%.
MRAS	https://www.genenames.org/tools/search/#!/?query=MRAS	BS1	Strong	0.00025	>=	faf95				GN087	1.4	https://cspec.genome.network/cspec/ui/svi/doc/GN087?version=1.4	GnomAD filtering allele frequency ≥0.025%.
MRAS	https://www.genenames.org/tools/search/#!/?query=MRAS	PM2	Supporting	0	<=	raw_af				GN087	1.4	https://cspec.genome.network/cspec/ui/svi/doc/GN087?version=1.4	The variant must be absent from controls (gnomAD).
RMRP	https://www.genenames.org/tools/search/#!/?query=RMRP	BA1	StandAlone	0.004	>	faf95	all			GN088	1.3	https://cspec.genome.network/cspec/ui/svi/doc/GN088?version=1.3	Common in population databases.  *   gnomAD popmax filtering allele frequency >0.00400     *   Maximum credible population allele frequency threshold determined using Whiffin/Ware calculator ([https://www.cardiodb.org/allelefrequencyapp/](https://www.cardiodb.org/allelefrequencyapp/)) and the following parameters:         *   Prevalence: 1:5,000         *   Allelic heterogeneity: 1         *   Genetic heterogeneity: 0.04 (based on the contribution of _RMRP_ variants to total SCID in the PIDTC 6901 cohort reported in Dvorak et al., 2019 (PMID: 30193840, Table 1): 3.6%, rounded to 4%)         *   Penetrance: 50%     *   Use caution when applying BA1 based on allele frequencies derived from gnomAD exome sequencing given the reduced coverage of certain regions of _RMRP_. Ensure at least 20X read depth for allele frequencies derived from exome sequencing.
RMRP	https://www.genenames.org/tools/search/#!/?query=RMRP	BS1	Strong	0.00089	>	faf95	all			GN088	1.3	https://cspec.genome.network/cspec/ui/svi/doc/GN088?version=1.3	Allele frequency is greater than expected for disorder.    *   gnomAD popmax filtering allele frequency >0.00089     *   Maximum credible population allele frequency threshold determined using Whiffin/Ware calculator ([https://www.cardiodb.org/allelefrequencyapp/](https://www.cardiodb.org/allelefrequencyapp/)) and the following parameters:         *   Prevalence: 1:50,000         *   Allelic heterogeneity: 1         *   Genetic heterogeneity: 0.04 (based on the contribution of _RMRP_ variants to total SCID in the PIDTC 6901 cohort reported in Dvorak et al., 2019 (PMID: 30193840, Table 1): 3.6%, rounded to 4%)         *   Penetrance: 100%  Use caution when applying BS1 based on allele frequencies derived from gnomAD exome sequencing given the reduced coverage of certain regions of _RMRP_. Ensure at least 20X read depth for allele frequencies derived from exome sequencing.
RMRP	https://www.genenames.org/tools/search/#!/?query=RMRP	PM2	Supporting	4.470e-05	<	faf95				GN088	1.3	https://cspec.genome.network/cspec/ui/svi/doc/GN088?version=1.3	Absent in population databases (or at extremely low frequency if recessive).  *   Downgraded to PM2\_Supporting. *   gnomAD popmax filtering allele frequency \<0.0000447  The applicability of PM2 to suspected founder variants with allele frequencies exceeding the PM2 threshold will be evaluated on a case-by-case basis by the VCEP.
APC	https://www.genenames.org/tools/search/#!/?query=APC	BA1	StandAlone	0.001	>=	faf95				GN089	2.1	https://cspec.genome.network/cspec/ui/svi/doc/GN089?version=2.1	GnomAD Popmax Filtering Allele Frequency (AF) **≥ 0.1%** (0.001).
APC	https://www.genenames.org/tools/search/#!/?query=APC	BS1	Strong	1.000e-05	>=	faf95				GN089	2.1	https://cspec.genome.network/cspec/ui/svi/doc/GN089?version=2.1	GnomAD Popmax Filtering Allele Frequency (AF) **≥ 0.001%** (0.00001).
APC	https://www.genenames.org/tools/search/#!/?query=APC	PM2	Supporting	3.000e-06	<=	raw_af				GN089	2.1	https://cspec.genome.network/cspec/ui/svi/doc/GN089?version=2.1	Rare in controls, defined by an allele frequency ≤ 0.0003% (0.000003) if the allele count is > 1 OR by an allele frequency \< 0.001% (0.00001) if the allele count is ≤ 1.
VWF	https://www.genenames.org/tools/search/#!/?query=VWF	BA1	StandAlone	0.1	>	popmax				GN090	1.0	https://cspec.genome.network/cspec/ui/svi/doc/GN090?version=1.0	Appropriate to use for variants with a Popmax MAF of >0.1 in gnomAD.
VWF	https://www.genenames.org/tools/search/#!/?query=VWF	BS1	Strong	0.01	>	popmax				GN090	1.0	https://cspec.genome.network/cspec/ui/svi/doc/GN090?version=1.0	Appropriate to use for variants with a Popmax MAF of >0.01 in gnomAD.
VWF	https://www.genenames.org/tools/search/#!/?query=VWF	PM2	Supporting	0.005	<	popmax				GN090	1.0	https://cspec.genome.network/cspec/ui/svi/doc/GN090?version=1.0	Use code for variants with a popmax MAF of \<0.005 in gnomAD.
IDUA	https://www.genenames.org/tools/search/#!/?query=IDUA	BA1	StandAlone	0.005	>	grpmax				GN091	1.2	https://cspec.genome.network/cspec/ui/svi/doc/GN091?version=1.2	Any variant with Grpmax >0.005 in the most recent version of gnomAD (95% confidence interval, lower bound) (version # will be stated in the written summary)  BA1 minor allele frequency cut-off calculated using [http://cardiodb.org/allelefrequencyapp](http://cardiodb.org/allelefrequencyapp) with prevalence = 1 in 40,000 (PMID: 33208168), genetic heterogeneity = 1.0 (IDUA is the only gene known to cause MPS1), allelic heterogeneity = 1.0, and penetrance = 1.0.
IDUA	https://www.genenames.org/tools/search/#!/?query=IDUA	BS1	Strong	0.0025	>	grpmax				GN091	1.2	https://cspec.genome.network/cspec/ui/svi/doc/GN091?version=1.2	Any variant with Grpmax >0.0025 in the most recent version of gnomAD (95% confidence interval, lower bound) (version # will be stated in the written summary).  BS1 minor allele frequency cut-off calculated using [http://cardiodb.org/allelefrequencyapp](http://cardiodb.org/allelefrequencyapp) with prevalence = 1 in 40,000 (PMID: 33208168), genetic heterogeneity = 1.0 (IDUA is the only gene known to cause MPS1), allelic heterogeneity = ~0.5 (frequency of the most common known pathogenic variants in patients with MPS1 (PMID: 28595941, 29393969), and penetrance = 1.0.
IDUA	https://www.genenames.org/tools/search/#!/?query=IDUA	PM2	Supporting	0.00025	<	raw_af	any_continental	2000		GN091	1.2	https://cspec.genome.network/cspec/ui/svi/doc/GN091?version=1.2	This criterion will be applied at the supporting level based on [guidance](https://www.clinicalgenome.org/site/assets/files/5182/pm2_-_svi_recommendation_-_approved_sept2020.pdf) from the ClinGen Sequence Variant Interpretation Working Group.  Minor allele frequency \<0.025% (0.00025) in any continental population with >2000 alleles in the most recent version of gnomAD (version # will be stated in the written summary).  Variants may be observed in the homozygous state because MPS1 can present in adulthood, and some variants may be hypomorphic. However, the presence and number of homozygotes should be noted.
BRCA1	https://www.genenames.org/tools/search/#!/?query=BRCA1	BA1	StandAlone	0.001	>	faf95				GN092	1.2	https://cspec.genome.network/cspec/ui/svi/doc/GN092?version=1.2	Filter allele frequency (FAF) is above 0.1% (FAF > 0.001) in gnomAD v2.1 (non-cancer, exome only subset) and/or gnomAD v3.1 (non-cancer), non-founder population(s). See Appendix G for details.
BRCA1	https://www.genenames.org/tools/search/#!/?query=BRCA1	BS1	Strong	0.0001	>	faf95				GN092	1.2	https://cspec.genome.network/cspec/ui/svi/doc/GN092?version=1.2	Filter allele frequency (FAF) is above 0.01% (FAF > 0.0001) in gnomAD v2.1 (non-cancer, exome only subset) and/or gnomAD v3.1 (non-cancer), non-founder population(s). See Appendix G for details.
BRCA1	https://www.genenames.org/tools/search/#!/?query=BRCA1	BS1	Supporting	0.00002	>	faf95				GN092	1.2	https://cspec.genome.network/cspec/ui/svi/doc/GN092?version=1.2	Filter allele frequency (FAF) is above 0.002% (FAF > 0.00002) and less than or equal to 0.01% (FAF ≤ 0.0001) in gnomAD v2.1 (non-cancer, exome only subset) and/or gnomAD v3.1 (non-cancer), non-founder population(s). See Appendix G for details.
BRCA1	https://www.genenames.org/tools/search/#!/?query=BRCA1	PM2	Supporting	0	<=	raw_af				GN092	1.2	https://cspec.genome.network/cspec/ui/svi/doc/GN092?version=1.2	Absent from controls in an outbred population, from gnomAD v2.1 (non-cancer, exome only subset) and gnomAD v3.1 (non-cancer). Region around the variant must have an average read depth ≥25. See Appendix G for details.
LZTR1	https://www.genenames.org/tools/search/#!/?query=LZTR1	BA1	StandAlone	0.0005	>=	faf95				GN094	1.3	https://cspec.genome.network/cspec/ui/svi/doc/GN094?version=1.3	GnomAD filtering allele frequency ≥0.05%.
LZTR1	https://www.genenames.org/tools/search/#!/?query=LZTR1	BS1	Strong	0.00025	>=	faf95				GN094	1.3	https://cspec.genome.network/cspec/ui/svi/doc/GN094?version=1.3	GnomAD filtering allele frequency ≥0.025%.
LZTR1	https://www.genenames.org/tools/search/#!/?query=LZTR1	PM2	Supporting	2.500e-05	<=	raw_af				GN094	1.3	https://cspec.genome.network/cspec/ui/svi/doc/GN094?version=1.3	The variant must be absent from controls (gnomAD). For variants in _LZTR1_, PM2\_P ≤0.0025% may be applied to support AR disease.
MYBPC3	https://www.genenames.org/tools/search/#!/?query=MYBPC3	BA1	StandAlone	0.001	>=	faf95	all			GN095	1.0	https://cspec.genome.network/cspec/ui/svi/doc/GN095?version=1.0	Allele frequency is **≥0.001** based on the **filtering allele frequency (FAF)** in **gnomAD** in the subpopulation with the highest frequency (popmax).  The values used to calculate the BA1 threshold were derived from studies in Northern European populations that have been relatively well-characterized with regards to disease prevalence and variant spectrum. These thresholds can be applied to any population where disease prevalence is considered comparable (1/300 or lower).  The threshold is applicable when assessing variants in the context of autosomal dominant cardiomyopathy.   gnomAD is the preferred database for this calculation. If a subpopulation specific FAF other than the popmax is needed, this value can be calculated using the AlleleFrequencyApp on the [CardioDB website](https://cardiodb.org/allelefrequencyapp/).  1.  Using the Inverse AF tab, enter in the population size and the number of alleles identified and it will calculate the FAF.   2.  Set confidence to 0.95 (95%). 3.  If the FAF is ≥0.001, this rule can be applied.  The FAF by platform (e.g., exome vs. genome; v.2.1.1 vs. v.3.1.1) should be considered, the larger population is most likely to have the most accurate representation of “true” population allele frequency.  Caution is needed when considering any population cohorts that are smaller than the smallest subpopulations within gnomAD v.2.1.1 (e.g., ~5000 individuals or ~10,000 alleles). Despite this conservative nature of this threshold and approach, in smaller cohorts, the observed allele frequency may less accurately reflect the true allele frequency. Traditionally, once a variant is classified as Benign, it is rarely re-evaluated and so the highest confidence is needed to establish that classification on an allele frequency alone.
MYBPC3	https://www.genenames.org/tools/search/#!/?query=MYBPC3	BS1	Strong	0.0002	>=	faf95				GN095	1.0	https://cspec.genome.network/cspec/ui/svi/doc/GN095?version=1.0	Allele frequency is **≥0.0002 for** _**MYBPC3**_ based on the **filtering allele frequency (FAF)** in **gnomAD** in the subpopulation with the highest frequency (popmax).  Criterion BS1 may only be used as standalone evidence to classify a variant as Likely Benign in the absence of conflicting data. See SVI guidance (Tavtigian _et al._ 2018[<sup>18</sup>](#pmid_29300386); Tavtigian _et al._ 2020[<sup>19</sup>](#pmid_32720330)).   See BA1 for additional specifications that also apply to BS1.
MYBPC3	https://www.genenames.org/tools/search/#!/?query=MYBPC3	PM2	Supporting	4.000e-05	<=	faf95	all			GN095	1.0	https://cspec.genome.network/cspec/ui/svi/doc/GN095?version=1.0	The values used to calculate the PM2 thresholds were derived from studies in Northern European populations that have been relatively well-characterized with regards to disease prevalence and variant spectrum. These thresholds can be applied to any population where disease prevalence is considered comparable (1/500 or lower), where the most frequent pathogenic variant accounts for no more than 2% of cases (e.g., has an allele frequency of ≤0.02 in cases based on the upper bound of 95% CI), and where the penetrance of a pathogenic variant is expected to be at least 50% (Kelly _et al._ 2018[<sup>15</sup>](#pmid_29300372)).  A threshold of **≤0.00004** in the subpopulation with the highest frequency when using the upper bound of the 95% CI activates this rule.  1.  Alternatively, this is equivalent to the variant NOT being observed more than once (≤1 allele) in gnomAD v.2.1.1 in one of the non-founder populations (e.g., absence required from the Other and Ashkenazi Jewish subpopulations). 2.  Applying a threshold of ≤0.00004 (upper bound of 95% CI of the allele frequency in gnomAD) is equivalent to the variant being seen in a single subpopulation and that subpopulation meets any of the following:     *   **Allele Count (AC) in Allele Number (AN)**     *   ≤1 in ≥120,000     *   ≤2 in ≥160,000     *   ≤3 in ≥195,000     *   ≤4 in ≥230,000  gnomAD is the preferred database for this calculation, but currently only displays the filtering allele frequency (FAF), which is equivalent to a lower bound estimate of the 95% CI, when the upper bound is what is needed.  *   Confidence interval tools, such as [Confit-de-MAF](https://www.genecalculators.net/confit-de-maf.html), can be used to determine the upper bound of the 95% CI of the observed allele frequency.  Due to current technical limitations of next generation sequencing technologies, minor allele frequencies for complex variants (e.g., large indels) may not be accurately represented in population databases.  Caution should be used when a variant is only identified, or over-represented, in one of the smaller gnomAD populations, as the gnomAD allele frequencies may not accurately represent the true population frequency.  Population databases may contain affected or pre-symptomatic individuals for diseases with reduced penetrance/variable onset.
BRCA2	https://www.genenames.org/tools/search/#!/?query=BRCA2	BA1	StandAlone	0.001	>	faf95				GN097	1.2	https://cspec.genome.network/cspec/ui/svi/doc/GN097?version=1.2	Filter allele frequency (FAF) is above 0.1% (FAF > 0.001) in gnomAD v2.1 (non-cancer, exome only subset) and/or gnomAD v3.1 (non-cancer), non-founder population(s). See Appendix G for details.
BRCA2	https://www.genenames.org/tools/search/#!/?query=BRCA2	BS1	Strong	0.0001	>	faf95				GN097	1.2	https://cspec.genome.network/cspec/ui/svi/doc/GN097?version=1.2	Filter allele frequency (FAF) is above 0.01% (FAF > 0.0001) in gnomAD v2.1 (non-cancer, exome only subset) and/or gnomAD v3.1 (non-cancer), non-founder population(s). See Appendix G for details.
BRCA2	https://www.genenames.org/tools/search/#!/?query=BRCA2	BS1	Supporting	0.00002	>	faf95				GN097	1.2	https://cspec.genome.network/cspec/ui/svi/doc/GN097?version=1.2	Filter allele frequency (FAF) is above 0.002% (FAF > 0.00002) and less than or equal to 0.01% (FAF ≤ 0.0001) in gnomAD v2.1 (non-cancer, exome only subset) and/or gnomAD v3.1 (non-cancer), non-founder population(s). See Appendix G for details.
BRCA2	https://www.genenames.org/tools/search/#!/?query=BRCA2	PM2	Supporting	0	<=	raw_af				GN097	1.2	https://cspec.genome.network/cspec/ui/svi/doc/GN097?version=1.2	Absent from controls in an outbred population, from gnomAD v2.1 (non-cancer, exome only subset) and gnomAD v3.1 (non-cancer). Region around the variant must have an average read depth ≥25. See Appendix G for details.
TNNI3	https://www.genenames.org/tools/search/#!/?query=TNNI3	BA1	StandAlone	0.001	>=	faf95	all			GN098	1.0	https://cspec.genome.network/cspec/ui/svi/doc/GN098?version=1.0	Allele frequency is **≥0.001** based on the **filtering allele frequency (FAF)** in **gnomAD** in the subpopulation with the highest frequency (popmax).  The values used to calculate the BA1 threshold were derived from studies in Northern European populations that have been relatively well-characterized with regards to disease prevalence and variant spectrum. These thresholds can be applied to any population where disease prevalence is considered comparable (1/300 or lower).  The threshold is applicable when assessing variants in the context of autosomal dominant cardiomyopathy.   gnomAD is the preferred database for this calculation. If a subpopulation specific FAF other than the popmax is needed, this value can be calculated using the AlleleFrequencyApp on the [CardioDB website](https://cardiodb.org/allelefrequencyapp/).  1.  Using the Inverse AF tab, enter in the population size and the number of alleles identified and it will calculate the FAF.   2.  Set confidence to 0.95 (95%). 3.  If the FAF is ≥0.001, this rule can be applied.  The FAF by platform (e.g., exome vs. genome; v.2.1.1 vs. v.3.1.1) should be considered, the larger population is most likely to have the most accurate representation of “true” population allele frequency.  Caution is needed when considering any population cohorts that are smaller than the smallest subpopulations within gnomAD v.2.1.1 (e.g., ~5000 individuals or ~10,000 alleles). Despite this conservative nature of this threshold and approach, in smaller cohorts, the observed allele frequency may less accurately reflect the true allele frequency. Traditionally, once a variant is classified as Benign, it is rarely re-evaluated and so the highest confidence is needed to establish that classification on an allele frequency alone.
TNNI3	https://www.genenames.org/tools/search/#!/?query=TNNI3	BS1	Strong	0.0001	>=	faf95				GN098	1.0	https://cspec.genome.network/cspec/ui/svi/doc/GN098?version=1.0	Allele frequency is **≥0.0001 for** _**TNNI3**_ based on the **filtering allele frequency (FAF)** in **gnomAD** in the subpopulation with the highest frequency (popmax).  Criterion BS1 may only be used as standalone evidence to classify a variant as Likely Benign in the absence of conflicting data. See SVI guidance (Tavtigian _et al._ 2018[<sup>15</sup>](#pmid_29300386); Tavtigian _et al._ 2020[<sup>16</sup>](#pmid_32720330)).   See BA1 for additional specifications that also apply to BS1.
TNNI3	https://www.genenames.org/tools/search/#!/?query=TNNI3	PM2	Supporting	4.000e-05	<=	faf95	all			GN098	1.0	https://cspec.genome.network/cspec/ui/svi/doc/GN098?version=1.0	The values used to calculate the PM2 thresholds were derived from studies in Northern European populations that have been relatively well-characterized with regards to disease prevalence and variant spectrum. These thresholds can be applied to any population where disease prevalence is considered comparable (1/500 or lower), where the most frequent pathogenic variant accounts for no more than 2% of cases (e.g., has an allele frequency of ≤0.02 in cases based on the upper bound of 95% CI), and where the penetrance of a pathogenic variant is expected to be at least 50% (Kelly _et al._ 2018[<sup>11</sup>](#pmid_29300372)).  A threshold of **≤0.00004** in the subpopulation with the highest frequency when using the upper bound of the 95% CI activates this rule.  1.  Alternatively, this is equivalent to the variant NOT being observed more than once (≤1 allele) in gnomAD v.2.1.1 in one of the non-founder populations (e.g., absence required from the Other and Ashkenazi Jewish subpopulations). 2.  Applying a threshold of ≤0.00004 (upper bound of 95% CI of the allele frequency in gnomAD) is equivalent to the variant being seen in a single subpopulation and that subpopulation meets any of the following:     *   **Allele Count (AC) in Allele Number (AN)**     *   ≤1 in ≥120,000     *   ≤2 in ≥160,000     *   ≤3 in ≥195,000     *   ≤4 in ≥230,000  gnomAD is the preferred database for this calculation, but currently only displays the filtering allele frequency (FAF), which is equivalent to a lower bound estimate of the 95% CI, when the upper bound is what is needed.  *   Confidence interval tools, such as [Confit-de-MAF](https://www.genecalculators.net/confit-de-maf.html), can be used to determine the upper bound of the 95% CI of the observed allele frequency.  Due to current technical limitations of next generation sequencing technologies, minor allele frequencies for complex variants (e.g., large indels) may not be accurately represented in population databases.  Caution should be used when a variant is only identified, or over-represented, in one of the smaller gnomAD populations, as the gnomAD allele frequencies may not accurately represent the true population frequency.  Population databases may contain affected or pre-symptomatic individuals for diseases with reduced penetrance/variable onset.
TNNT2	https://www.genenames.org/tools/search/#!/?query=TNNT2	BA1	StandAlone	0.001	>=	faf95	all			GN099	1.0	https://cspec.genome.network/cspec/ui/svi/doc/GN099?version=1.0	Allele frequency is **≥0.001** based on the **filtering allele frequency (FAF)** in **gnomAD** in the subpopulation with the highest frequency (popmax).  The values used to calculate the BA1 threshold were derived from studies in Northern European populations that have been relatively well-characterized with regards to disease prevalence and variant spectrum. These thresholds can be applied to any population where disease prevalence is considered comparable (1/300 or lower).  The threshold is applicable when assessing variants in the context of autosomal dominant cardiomyopathy.   gnomAD is the preferred database for this calculation. If a subpopulation specific FAF other than the popmax is needed, this value can be calculated using the AlleleFrequencyApp on the [CardioDB website](https://cardiodb.org/allelefrequencyapp/).  1.  Using the Inverse AF tab, enter in the population size and the number of alleles identified and it will calculate the FAF.   2.  Set confidence to 0.95 (95%). 3.  If the FAF is ≥0.001, this rule can be applied.  The FAF by platform (e.g., exome vs. genome; v.2.1.1 vs. v.3.1.1) should be considered, the larger population is most likely to have the most accurate representation of “true” population allele frequency.  Caution is needed when considering any population cohorts that are smaller than the smallest subpopulations within gnomAD v.2.1.1 (e.g., ~5000 individuals or ~10,000 alleles). Despite this conservative nature of this threshold and approach, in smaller cohorts, the observed allele frequency may less accurately reflect the true allele frequency. Traditionally, once a variant is classified as Benign, it is rarely re-evaluated and so the highest confidence is needed to establish that classification on an allele frequency alone.
TNNT2	https://www.genenames.org/tools/search/#!/?query=TNNT2	BS1	Strong	0.0001	>=	faf95				GN099	1.0	https://cspec.genome.network/cspec/ui/svi/doc/GN099?version=1.0	Allele frequency is **≥0.0001 for** _**TNNT2**_ based on the **filtering allele frequency (FAF)** in **gnomAD** in the subpopulation with the highest frequency (popmax).  Criterion BS1 may only be used as standalone evidence to classify a variant as Likely Benign in the absence of conflicting data. See SVI guidance (Tavtigian _et al._ 2018[<sup>15</sup>](#pmid_29300386); Tavtigian _et al._ 2020[<sup>16</sup>](#pmid_32720330)).   See BA1 for additional specifications that also apply to BS1.
TNNT2	https://www.genenames.org/tools/search/#!/?query=TNNT2	PM2	Supporting	4.000e-05	<=	faf95	all			GN099	1.0	https://cspec.genome.network/cspec/ui/svi/doc/GN099?version=1.0	The values used to calculate the PM2 thresholds were derived from studies in Northern European populations that have been relatively well-characterized with regards to disease prevalence and variant spectrum. These thresholds can be applied to any population where disease prevalence is considered comparable (1/500 or lower), where the most frequent pathogenic variant accounts for no more than 2% of cases (e.g., has an allele frequency of ≤0.02 in cases based on the upper bound of 95% CI), and where the penetrance of a pathogenic variant is expected to be at least 50% (Kelly _et al._ 2018[<sup>11</sup>](#pmid_29300372)).  A threshold of **≤0.00004** in the subpopulation with the highest frequency when using the upper bound of the 95% CI activates this rule.  1.  Alternatively, this is equivalent to the variant NOT being observed more than once (≤1 allele) in gnomAD v.2.1.1 in one of the non-founder populations (e.g., absence required from the Other and Ashkenazi Jewish subpopulations). 2.  Applying a threshold of ≤0.00004 (upper bound of 95% CI of the allele frequency in gnomAD) is equivalent to the variant being seen in a single subpopulation and that subpopulation meets any of the following:     *   **Allele Count (AC) in Allele Number (AN)**     *   ≤1 in ≥120,000     *   ≤2 in ≥160,000     *   ≤3 in ≥195,000     *   ≤4 in ≥230,000  gnomAD is the preferred database for this calculation, but currently only displays the filtering allele frequency (FAF), which is equivalent to a lower bound estimate of the 95% CI, when the upper bound is what is needed.  *   Confidence interval tools, such as [Confit-de-MAF](https://www.genecalculators.net/confit-de-maf.html), can be used to determine the upper bound of the 95% CI of the observed allele frequency.  Due to current technical limitations of next generation sequencing technologies, minor allele frequencies for complex variants (e.g., large indels) may not be accurately represented in population databases.  Caution should be used when a variant is only identified, or over-represented, in one of the smaller gnomAD populations, as the gnomAD allele frequencies may not accurately represent the true population frequency.  Population databases may contain affected or pre-symptomatic individuals for diseases with reduced penetrance/variable onset.
TPM1	https://www.genenames.org/tools/search/#!/?query=TPM1	BA1	StandAlone	0.001	>=	faf95	all			GN100	1.0	https://cspec.genome.network/cspec/ui/svi/doc/GN100?version=1.0	Allele frequency is **≥0.001** based on the **filtering allele frequency (FAF)** in **gnomAD** in the subpopulation with the highest frequency (popmax).  The values used to calculate the BA1 threshold were derived from studies in Northern European populations that have been relatively well-characterized with regards to disease prevalence and variant spectrum. These thresholds can be applied to any population where disease prevalence is considered comparable (1/300 or lower).  The threshold is applicable when assessing variants in the context of autosomal dominant cardiomyopathy.   gnomAD is the preferred database for this calculation. If a subpopulation specific FAF other than the popmax is needed, this value can be calculated using the AlleleFrequencyApp on the [CardioDB website](https://cardiodb.org/allelefrequencyapp/).  1.  Using the Inverse AF tab, enter in the population size and the number of alleles identified and it will calculate the FAF.   2.  Set confidence to 0.95 (95%). 3.  If the FAF is ≥0.001, this rule can be applied.  The FAF by platform (e.g., exome vs. genome; v.2.1.1 vs. v.3.1.1) should be considered, the larger population is most likely to have the most accurate representation of “true” population allele frequency.  Caution is needed when considering any population cohorts that are smaller than the smallest subpopulations within gnomAD v.2.1.1 (e.g., ~5000 individuals or ~10,000 alleles). Despite this conservative nature of this threshold and approach, in smaller cohorts, the observed allele frequency may less accurately reflect the true allele frequency. Traditionally, once a variant is classified as Benign, it is rarely re-evaluated and so the highest confidence is needed to establish that classification on an allele frequency alone.
TPM1	https://www.genenames.org/tools/search/#!/?query=TPM1	BS1	Strong	0.0001	>=	faf95				GN100	1.0	https://cspec.genome.network/cspec/ui/svi/doc/GN100?version=1.0	Allele frequency is **≥0.0001 for** _**TPM1**_ based on the **filtering allele frequency (FAF)** in **gnomAD** in the subpopulation with the highest frequency (popmax).  Criterion BS1 may only be used as standalone evidence to classify a variant as Likely Benign in the absence of conflicting data. See SVI guidance (Tavtigian _et al._ 2018[<sup>15</sup>](#pmid_29300386); Tavtigian _et al._ 2020[<sup>16</sup>](#pmid_32720330)).   See BA1 for additional specifications that also apply to BS1.
TPM1	https://www.genenames.org/tools/search/#!/?query=TPM1	PM2	Supporting	4.000e-05	<=	faf95	all			GN100	1.0	https://cspec.genome.network/cspec/ui/svi/doc/GN100?version=1.0	The values used to calculate the PM2 thresholds were derived from studies in Northern European populations that have been relatively well-characterized with regards to disease prevalence and variant spectrum. These thresholds can be applied to any population where disease prevalence is considered comparable (1/500 or lower), where the most frequent pathogenic variant accounts for no more than 2% of cases (e.g., has an allele frequency of ≤0.02 in cases based on the upper bound of 95% CI), and where the penetrance of a pathogenic variant is expected to be at least 50% (Kelly _et al._ 2018[<sup>10</sup>](#pmid_29300372)).  A threshold of **≤0.00004** in the subpopulation with the highest frequency when using the upper bound of the 95% CI activates this rule.  1.  Alternatively, this is equivalent to the variant NOT being observed more than once (≤1 allele) in gnomAD v.2.1.1 in one of the non-founder populations (e.g., absence required from the Other and Ashkenazi Jewish subpopulations). 2.  Applying a threshold of ≤0.00004 (upper bound of 95% CI of the allele frequency in gnomAD) is equivalent to the variant being seen in a single subpopulation and that subpopulation meets any of the following:     *   **Allele Count (AC) in Allele Number (AN)**     *   ≤1 in ≥120,000     *   ≤2 in ≥160,000     *   ≤3 in ≥195,000     *   ≤4 in ≥230,000  gnomAD is the preferred database for this calculation, but currently only displays the filtering allele frequency (FAF), which is equivalent to a lower bound estimate of the 95% CI, when the upper bound is what is needed.  *   Confidence interval tools, such as [Confit-de-MAF](https://www.genecalculators.net/confit-de-maf.html), can be used to determine the upper bound of the 95% CI of the observed allele frequency.  Due to current technical limitations of next generation sequencing technologies, minor allele frequencies for complex variants (e.g., large indels) may not be accurately represented in population databases.  Caution should be used when a variant is only identified, or over-represented, in one of the smaller gnomAD populations, as the gnomAD allele frequencies may not accurately represent the true population frequency.  Population databases may contain affected or pre-symptomatic individuals for diseases with reduced penetrance/variable onset.
ACTC1	https://www.genenames.org/tools/search/#!/?query=ACTC1	BA1	StandAlone	0.001	>=	faf95	all			GN101	1.0	https://cspec.genome.network/cspec/ui/svi/doc/GN101?version=1.0	Allele frequency is **≥0.001** based on the **filtering allele frequency (FAF)** in **gnomAD** in the subpopulation with the highest frequency (popmax).  The values used to calculate the BA1 threshold were derived from studies in Northern European populations that have been relatively well-characterized with regards to disease prevalence and variant spectrum. These thresholds can be applied to any population where disease prevalence is considered comparable (1/300 or lower).  The threshold is applicable when assessing variants in the context of autosomal dominant cardiomyopathy.   gnomAD is the preferred database for this calculation. If a subpopulation specific FAF other than the popmax is needed, this value can be calculated using the AlleleFrequencyApp on the [CardioDB website](https://cardiodb.org/allelefrequencyapp/).  1.  Using the Inverse AF tab, enter in the population size and the number of alleles identified and it will calculate the FAF.   2.  Set confidence to 0.95 (95%). 3.  If the FAF is ≥0.001, this rule can be applied.  The FAF by platform (e.g., exome vs. genome; v.2.1.1 vs. v.3.1.1) should be considered, the larger population is most likely to have the most accurate representation of “true” population allele frequency.  Caution is needed when considering any population cohorts that are smaller than the smallest subpopulations within gnomAD v.2.1.1 (e.g., ~5000 individuals or ~10,000 alleles). Despite this conservative nature of this threshold and approach, in smaller cohorts, the observed allele frequency may less accurately reflect the true allele frequency. Traditionally, once a variant is classified as Benign, it is rarely re-evaluated and so the highest confidence is needed to establish that classification on an allele frequency alone.
ACTC1	https://www.genenames.org/tools/search/#!/?query=ACTC1	BS1	Strong	0.0001	>=	faf95				GN101	1.0	https://cspec.genome.network/cspec/ui/svi/doc/GN101?version=1.0	Allele frequency is **≥0.0001 for** _**ACTC1**_ based on the **filtering allele frequency (FAF)** in **gnomAD** in the subpopulation with the highest frequency (popmax).  Criterion BS1 may only be used as standalone evidence to classify a variant as Likely Benign in the absence of conflicting data. See SVI guidance (Tavtigian _et al._ 2018[<sup>14</sup>](#pmid_29300386); Tavtigian _et al._ 2020[<sup>15</sup>](#pmid_32720330)).   See BA1 for additional specifications that also apply to BS1.
ACTC1	https://www.genenames.org/tools/search/#!/?query=ACTC1	PM2	Supporting	4.000e-05	<=	faf95	all			GN101	1.0	https://cspec.genome.network/cspec/ui/svi/doc/GN101?version=1.0	The values used to calculate the PM2 thresholds were derived from studies in Northern European populations that have been relatively well-characterized with regards to disease prevalence and variant spectrum. These thresholds can be applied to any population where disease prevalence is considered comparable (1/500 or lower), where the most frequent pathogenic variant accounts for no more than 2% of cases (e.g., has an allele frequency of ≤0.02 in cases based on the upper bound of 95% CI), and where the penetrance of a pathogenic variant is expected to be at least 50% (Kelly _et al._ 2018[<sup>10</sup>](#pmid_29300372)).  A threshold of **≤0.00004** in the subpopulation with the highest frequency when using the upper bound of the 95% CI activates this rule.  1.  Alternatively, this is equivalent to the variant NOT being observed more than once (≤1 allele) in gnomAD v.2.1.1 in one of the non-founder populations (e.g., absence required from the Other and Ashkenazi Jewish subpopulations). 2.  Applying a threshold of ≤0.00004 (upper bound of 95% CI of the allele frequency in gnomAD) is equivalent to the variant being seen in a single subpopulation and that subpopulation meets any of the following:     *   **Allele Count (AC) in Allele Number (AN)**     *   ≤1 in ≥120,000     *   ≤2 in ≥160,000     *   ≤3 in ≥195,000     *   ≤4 in ≥230,000  gnomAD is the preferred database for this calculation, but currently only displays the filtering allele frequency (FAF), which is equivalent to a lower bound estimate of the 95% CI, when the upper bound is what is needed.  *   Confidence interval tools, such as [Confit-de-MAF](https://www.genecalculators.net/confit-de-maf.html), can be used to determine the upper bound of the 95% CI of the observed allele frequency.  Due to current technical limitations of next generation sequencing technologies, minor allele frequencies for complex variants (e.g., large indels) may not be accurately represented in population databases.  Caution should be used when a variant is only identified, or over-represented, in one of the smaller gnomAD populations, as the gnomAD allele frequencies may not accurately represent the true population frequency.  Population databases may contain affected or pre-symptomatic individuals for diseases with reduced penetrance/variable onset.
MYL2	https://www.genenames.org/tools/search/#!/?query=MYL2	BA1	StandAlone	0.001	>=	faf95	all			GN102	1.0	https://cspec.genome.network/cspec/ui/svi/doc/GN102?version=1.0	Allele frequency is **≥0.001** based on the **filtering allele frequency (FAF)** in **gnomAD** in the subpopulation with the highest frequency (popmax).  The values used to calculate the BA1 threshold were derived from studies in Northern European populations that have been relatively well-characterized with regards to disease prevalence and variant spectrum. These thresholds can be applied to any population where disease prevalence is considered comparable (1/300 or lower).  The threshold is applicable when assessing variants in the context of autosomal dominant cardiomyopathy.   *   Caution should be applied when assessing variants in the _MYL2_ and _MYL3_ genes, as homozygous or compound heterozygous variants have been reported to cause a recessive HCM and heterozygous individuals show no sign of disease.  gnomAD is the preferred database for this calculation. If a subpopulation specific FAF other than the popmax is needed, this value can be calculated using the AlleleFrequencyApp on the [CardioDB website](https://cardiodb.org/allelefrequencyapp/).  1.  Using the Inverse AF tab, enter in the population size and the number of alleles identified and it will calculate the FAF.   2.  Set confidence to 0.95 (95%). 3.  If the FAF is ≥0.001, this rule can be applied.  The FAF by platform (e.g., exome vs. genome; v.2.1.1 vs. v.3.1.1) should be considered, the larger population is most likely to have the most accurate representation of “true” population allele frequency.  Caution is needed when considering any population cohorts that are smaller than the smallest subpopulations within gnomAD v.2.1.1 (e.g., ~5000 individuals or ~10,000 alleles). Despite this conservative nature of this threshold and approach, in smaller cohorts, the observed allele frequency may less accurately reflect the true allele frequency. Traditionally, once a variant is classified as Benign, it is rarely re-evaluated and so the highest confidence is needed to establish that classification on an allele frequency alone.
MYL2	https://www.genenames.org/tools/search/#!/?query=MYL2	BS1	Strong	0.0001	>=	faf95				GN102	1.0	https://cspec.genome.network/cspec/ui/svi/doc/GN102?version=1.0	Allele frequency is **≥0.0001 for** _**MYL2**_ based on the **filtering allele frequency (FAF)** in **gnomAD** in the subpopulation with the highest frequency (popmax).  Criterion BS1 may only be used as standalone evidence to classify a variant as Likely Benign in the absence of conflicting data. See SVI guidance (Tavtigian _et al._ 2018[<sup>14</sup>](#pmid_29300386); Tavtigian _et al._ 2020[<sup>15</sup>](#pmid_32720330)).   See BA1 for additional specifications that also apply to BS1.
MYL2	https://www.genenames.org/tools/search/#!/?query=MYL2	PM2	Supporting	4.000e-05	<=	faf95	all			GN102	1.0	https://cspec.genome.network/cspec/ui/svi/doc/GN102?version=1.0	The values used to calculate the PM2 thresholds were derived from studies in Northern European populations that have been relatively well-characterized with regards to disease prevalence and variant spectrum. These thresholds can be applied to any population where disease prevalence is considered comparable (1/500 or lower), where the most frequent pathogenic variant accounts for no more than 2% of cases (e.g., has an allele frequency of ≤0.02 in cases based on the upper bound of 95% CI), and where the penetrance of a pathogenic variant is expected to be at least 50% (Kelly _et al._ 2018[<sup>10</sup>](#pmid_29300372)).  A threshold of **≤0.00004** in the subpopulation with the highest frequency when using the upper bound of the 95% CI activates this rule.  1.  Alternatively, this is equivalent to the variant NOT being observed more than once (≤1 allele) in gnomAD v.2.1.1 in one of the non-founder populations (e.g., absence required from the Other and Ashkenazi Jewish subpopulations). 2.  Applying a threshold of ≤0.00004 (upper bound of 95% CI of the allele frequency in gnomAD) is equivalent to the variant being seen in a single subpopulation and that subpopulation meets any of the following:     *   **Allele Count (AC) in Allele Number (AN)**     *   ≤1 in ≥120,000     *   ≤2 in ≥160,000     *   ≤3 in ≥195,000     *   ≤4 in ≥230,000  gnomAD is the preferred database for this calculation, but currently only displays the filtering allele frequency (FAF), which is equivalent to a lower bound estimate of the 95% CI, when the upper bound is what is needed.  *   Confidence interval tools, such as [Confit-de-MAF](https://www.genecalculators.net/confit-de-maf.html), can be used to determine the upper bound of the 95% CI of the observed allele frequency.  Due to current technical limitations of next generation sequencing technologies, minor allele frequencies for complex variants (e.g., large indels) may not be accurately represented in population databases.  Caution should be used when a variant is only identified, or over-represented, in one of the smaller gnomAD populations, as the gnomAD allele frequencies may not accurately represent the true population frequency.  Population databases may contain affected or pre-symptomatic individuals for diseases with reduced penetrance/variable onset.
MYL3	https://www.genenames.org/tools/search/#!/?query=MYL3	BA1	StandAlone	0.001	>=	faf95	all			GN103	1.0	https://cspec.genome.network/cspec/ui/svi/doc/GN103?version=1.0	Allele frequency is **≥0.001** based on the **filtering allele frequency (FAF)** in **gnomAD** in the subpopulation with the highest frequency (popmax).  The values used to calculate the BA1 threshold were derived from studies in Northern European populations that have been relatively well-characterized with regards to disease prevalence and variant spectrum. These thresholds can be applied to any population where disease prevalence is considered comparable (1/300 or lower).  The threshold is applicable when assessing variants in the context of autosomal dominant cardiomyopathy.   *   Caution should be applied when assessing variants in the _MYL2_ and _MYL3_ genes, as homozygous or compound heterozygous variants have been reported to cause a recessive HCM and heterozygous individuals show no sign of disease.  gnomAD is the preferred database for this calculation. If a subpopulation specific FAF other than the popmax is needed, this value can be calculated using the AlleleFrequencyApp on the [CardioDB website](https://cardiodb.org/allelefrequencyapp/).  1.  Using the Inverse AF tab, enter in the population size and the number of alleles identified and it will calculate the FAF.   2.  Set confidence to 0.95 (95%). 3.  If the FAF is ≥0.001, this rule can be applied.  The FAF by platform (e.g., exome vs. genome; v.2.1.1 vs. v.3.1.1) should be considered, the larger population is most likely to have the most accurate representation of “true” population allele frequency.  Caution is needed when considering any population cohorts that are smaller than the smallest subpopulations within gnomAD v.2.1.1 (e.g., ~5000 individuals or ~10,000 alleles). Despite this conservative nature of this threshold and approach, in smaller cohorts, the observed allele frequency may less accurately reflect the true allele frequency. Traditionally, once a variant is classified as Benign, it is rarely re-evaluated and so the highest confidence is needed to establish that classification on an allele frequency alone.
MYL3	https://www.genenames.org/tools/search/#!/?query=MYL3	BS1	Strong	0.0001	>=	faf95				GN103	1.0	https://cspec.genome.network/cspec/ui/svi/doc/GN103?version=1.0	Allele frequency is **≥0.0001 for** _**MYL3**_ based on the **filtering allele frequency (FAF)** in **gnomAD** in the subpopulation with the highest frequency (popmax).  Criterion BS1 may only be used as standalone evidence to classify a variant as Likely Benign in the absence of conflicting data. See SVI guidance (Tavtigian _et al._ 2018[<sup>14</sup>](#pmid_29300386); Tavtigian _et al._ 2020[<sup>15</sup>](#pmid_32720330)).   See BA1 for additional specifications that also apply to BS1.
MYL3	https://www.genenames.org/tools/search/#!/?query=MYL3	PM2	Supporting	4.000e-05	<=	faf95	all			GN103	1.0	https://cspec.genome.network/cspec/ui/svi/doc/GN103?version=1.0	The values used to calculate the PM2 thresholds were derived from studies in Northern European populations that have been relatively well-characterized with regards to disease prevalence and variant spectrum. These thresholds can be applied to any population where disease prevalence is considered comparable (1/500 or lower), where the most frequent pathogenic variant accounts for no more than 2% of cases (e.g., has an allele frequency of ≤0.02 in cases based on the upper bound of 95% CI), and where the penetrance of a pathogenic variant is expected to be at least 50% (Kelly _et al._ 2018[<sup>10</sup>](#pmid_29300372)).  A threshold of **≤0.00004** in the subpopulation with the highest frequency when using the upper bound of the 95% CI activates this rule.  1.  Alternatively, this is equivalent to the variant NOT being observed more than once (≤1 allele) in gnomAD v.2.1.1 in one of the non-founder populations (e.g., absence required from the Other and Ashkenazi Jewish subpopulations). 2.  Applying a threshold of ≤0.00004 (upper bound of 95% CI of the allele frequency in gnomAD) is equivalent to the variant being seen in a single subpopulation and that subpopulation meets any of the following:     *   **Allele Count (AC) in Allele Number (AN)**     *   ≤1 in ≥120,000     *   ≤2 in ≥160,000     *   ≤3 in ≥195,000     *   ≤4 in ≥230,000  gnomAD is the preferred database for this calculation, but currently only displays the filtering allele frequency (FAF), which is equivalent to a lower bound estimate of the 95% CI, when the upper bound is what is needed.  *   Confidence interval tools, such as [Confit-de-MAF](https://www.genecalculators.net/confit-de-maf.html), can be used to determine the upper bound of the 95% CI of the observed allele frequency.  Due to current technical limitations of next generation sequencing technologies, minor allele frequencies for complex variants (e.g., large indels) may not be accurately represented in population databases.  Caution should be used when a variant is only identified, or over-represented, in one of the smaller gnomAD populations, as the gnomAD allele frequencies may not accurately represent the true population frequency.  Population databases may contain affected or pre-symptomatic individuals for diseases with reduced penetrance/variable onset.
CYP1B1	https://www.genenames.org/tools/search/#!/?query=CYP1B1	BA1	StandAlone	0.05	>=	raw_af				GN104	2.0	https://cspec.genome.network/cspec/ui/svi/doc/GN104?version=2.0	Allele frequency ≥ 0.05 in population databases.
CYP1B1	https://www.genenames.org/tools/search/#!/?query=CYP1B1	BS1	Strong	0.01	>=	raw_af				GN104	2.0	https://cspec.genome.network/cspec/ui/svi/doc/GN104?version=2.0	Allele frequency is ≥ 0.01 (1%) in population databases.
CYP1B1	https://www.genenames.org/tools/search/#!/?query=CYP1B1	PM2	Supporting	0.0005	<=	raw_af				GN104	2.0	https://cspec.genome.network/cspec/ui/svi/doc/GN104?version=2.0	Allele frequency ≤ 0.0005 in population databases.
ABCD1	https://www.genenames.org/tools/search/#!/?query=ABCD1	BA1	StandAlone	0.00017	>=	faf95	all			GN105	1.0	https://cspec.genome.network/cspec/ui/svi/doc/GN105?version=1.0	Use a Total Grpmax filtering allele frequency (FAF) cutoff of ≥0.017% (0.00017) from the most resent version of gnomAD. This frequency was calculated using the Whiffen-Ware calculator with a prevalence estimated at 1 in 5000 (actual prevalence in hemizygotes and heterozygotes is reported to be 1 in 16800, GeneReviews, Bezman et al 2001; however, a more conservative BA1 was designated based on a value 1 order of magnitude higher than the BS1 cut-off), penetrance at 60% (based on penetrance in heterozygotes by expert judgment, maximum allelic contribution and maximum genetic contribution at 100%).
ABCD1	https://www.genenames.org/tools/search/#!/?query=ABCD1	BS1	Strong	1.700e-05	>=	faf95	all			GN105	1.0	https://cspec.genome.network/cspec/ui/svi/doc/GN105?version=1.0	Use a Total Grpmax filtering allele frequency (FAF) cutoff of ≥0.0017% (0.000017) from the most recent version of gnomAD. This frequency was calculated using the Whiffen-Ware calculator with a prevalence estimated at 1 in 50000 (upper limit of prevalence range in hemizygotes; GeneReviews), penetrance at 60% (based on penetrance in heterozygotes by expert judgment, maximum allelic contribution and maximum genetic contribution at 100%).
ABCD1	https://www.genenames.org/tools/search/#!/?query=ABCD1	PM2	Supporting	1.700e-06	<	raw_af				GN105	1.0	https://cspec.genome.network/cspec/ui/svi/doc/GN105?version=1.0	*   PM2\_Supporting can be applied if the variant is absent in hemizygotes AND has a maximum allele frequency of \<0.00017% (0.0000017) in heterozygotes in the latest version of gnomAD. Use the highest population MAF from a non-bottleneck population from the latest version of gnomAD.
RPGR	https://www.genenames.org/tools/search/#!/?query=RPGR	BA1	StandAlone	0.05	>=	raw_af				GN106	1.0	https://cspec.genome.network/cspec/ui/svi/doc/GN106?version=1.0	Allele frequency in males is above 5% in Exome Sequencing Project, 1000 Genomes or Exome Aggregation Consortium in the subpopulation with the highest frequency.
RPGR	https://www.genenames.org/tools/search/#!/?query=RPGR	BS1	Strong	8.300e-05	>=	raw_af				GN106	1.0	https://cspec.genome.network/cspec/ui/svi/doc/GN106?version=1.0	Allele frequency in males is greater than expected for the disorder. Use for alleles with frequency ≥8.3x10<sup>-5 </sup> (based on the most frequent pathogenic allele).
RPGR	https://www.genenames.org/tools/search/#!/?query=RPGR	PM2	Supporting	5.000e-05	<=	raw_af				GN106	1.0	https://cspec.genome.network/cspec/ui/svi/doc/GN106?version=1.0	Allele frequency in males ≤ 0.00005 (≤5x10<sup>-5</sup>) in population databases.  *   Highest allele frequency in a subpopulation should be used to assess this.
KCNQ1	https://www.genenames.org/tools/search/#!/?query=KCNQ1	BA1	StandAlone	0.004	>=	raw_af	any_continental			GN112	1.0	https://cspec.genome.network/cspec/ui/svi/doc/GN112?version=1.0	Allele frequency is above 5% in Exome Sequencing Project, 1000 Genomes or Exome Aggregation Consortium.  *   Maximum allele frequency in gnomAD (in one of the 5 continental populations; African/African-American, East Asian, European non-Finnish, Latino/Admixed-American, or South Asian) greater than or equal to 0.004 (0.4%).
KCNQ1	https://www.genenames.org/tools/search/#!/?query=KCNQ1	BS1	Strong	0.0004	>=	raw_af	any_continental			GN112	1.0	https://cspec.genome.network/cspec/ui/svi/doc/GN112?version=1.0	Allele frequency is greater than expected for disorder    *   Maximum allele frequency in gnomAD (in one of the 5 continental populations; African/African-American, East Asian, European non-Finnish, Latino/Admixed-American, or South Asian) greater than or equal to 0.0004 (0.04%).
KCNQ1	https://www.genenames.org/tools/search/#!/?query=KCNQ1	PM2	Supporting	1.000e-05	<	raw_af	any_continental			GN112	1.0	https://cspec.genome.network/cspec/ui/svi/doc/GN112?version=1.0	Absent from controls (or at extremely low frequency if recessive) in Exome Sequencing Project, 1000 Genomes or Exome Aggregation Consortium.  *   Supporting level only *   Maximum allele frequency in gnomAD (in one of the 5 continental populations; African/African-American, East Asian, European non-Finnish, Latino/Admixed-American, or South Asian) \<0.00001 (0.001%)
FOXN1	https://www.genenames.org/tools/search/#!/?query=FOXN1	BA1	StandAlone	0.00447	>	faf95				GN113	2.3	https://cspec.genome.network/cspec/ui/svi/doc/GN113?version=2.3	gnomAD Grpmax filtering allele frequency >0.00447
FOXN1	https://www.genenames.org/tools/search/#!/?query=FOXN1	BS1	Strong	0.00141	>	faf95				GN113	2.3	https://cspec.genome.network/cspec/ui/svi/doc/GN113?version=2.3	gnomAD Grpmax filtering allele frequency >0.00141 OR a bottle-necked population with a MAF >0.00141 may be used for this criterion. Caveat: If the variant is known to be a founder variant in the bottle-necked population do not consider the frequency in that population for BS1.
FOXN1	https://www.genenames.org/tools/search/#!/?query=FOXN1	PM2	Supporting	2.412e-05	<=	faf95				GN113	2.3	https://cspec.genome.network/cspec/ui/svi/doc/GN113?version=2.3	gnomAD Grpmax filtering allele frequency ≤0.00002412
ADA	https://www.genenames.org/tools/search/#!/?query=ADA	BA1	StandAlone	0.00721	>	faf95				GN114	2.2	https://cspec.genome.network/cspec/ui/svi/doc/GN114?version=2.2	gnomAD popmax filtering allele frequency >0.00721.
ADA	https://www.genenames.org/tools/search/#!/?query=ADA	BS1	Strong	0.00161	>	faf95				GN114	2.2	https://cspec.genome.network/cspec/ui/svi/doc/GN114?version=2.2	gnomAD popmax filtering allele frequency >0.00161<sup>1</sup>  <sup>1</sup> Consider also bottleneck populations.
ADA	https://www.genenames.org/tools/search/#!/?query=ADA	PM2	Supporting	0.0001742	<	faf95				GN114	2.2	https://cspec.genome.network/cspec/ui/svi/doc/GN114?version=2.2	gnomAD popmax filtering allele frequency  \<0.0001742  *   An additional requirement is that **no homozygotes** have been observed in gnomAD.
MLH1	https://www.genenames.org/tools/search/#!/?query=MLH1	BA1	StandAlone	0.001	>=	faf95				GN115	2.0	https://cspec.genome.network/cspec/ui/svi/doc/GN115?version=2.0	GnomAD v4 Grpmax filtering allele frequency ≥ 0.001 (0.1%) and variant is excluded as founder pathogenic variant.
MLH1	https://www.genenames.org/tools/search/#!/?query=MLH1	BS1	Strong	0.0001	>=	faf95				GN115	2.0	https://cspec.genome.network/cspec/ui/svi/doc/GN115?version=2.0	GnomAD v4 Grpmax filtering allele frequency ≥ 0.0001 and \< 0.001 (0.01-0.1%) and variant is excluded as founder pathogenic variant.
MLH1	https://www.genenames.org/tools/search/#!/?query=MLH1	PM2	Supporting	2.000e-05	<	raw_af				GN115	2.0	https://cspec.genome.network/cspec/ui/svi/doc/GN115?version=2.0	Absent/extremely rare allele frequency \<0.00002 (\<1 in 50,000 alleles ) in gnomAD v4 dataset
DCLRE1C	https://www.genenames.org/tools/search/#!/?query=DCLRE1C	BA1	StandAlone	0.00346	>	faf95				GN116	2.2	https://cspec.genome.network/cspec/ui/svi/doc/GN116?version=2.2	gnomAD popmax filtering allele frequency >0.00346.
DCLRE1C	https://www.genenames.org/tools/search/#!/?query=DCLRE1C	BS1	Strong	0.00078	>	faf95				GN116	2.2	https://cspec.genome.network/cspec/ui/svi/doc/GN116?version=2.2	gnomAD popmax filtering allele frequency >0.00078<sup>1</sup>  <sup>1</sup> Consider also bottleneck populations.
DCLRE1C	https://www.genenames.org/tools/search/#!/?query=DCLRE1C	PM2	Supporting	3.266e-05	<	faf95				GN116	2.2	https://cspec.genome.network/cspec/ui/svi/doc/GN116?version=2.2	gnomAD popmax filtering allele frequency  \<0.00003266   *   An additional requirement is that **no homozygotes** have been observed in gnomAD.
IL7R	https://www.genenames.org/tools/search/#!/?query=IL7R	BA1	StandAlone	0.00566	>	faf95				GN119	2.2	https://cspec.genome.network/cspec/ui/svi/doc/GN119?version=2.2	gnomAD popmax filtering allele frequency >0.00566.
IL7R	https://www.genenames.org/tools/search/#!/?query=IL7R	BS1	Strong	0.00126	>	faf95				GN119	2.2	https://cspec.genome.network/cspec/ui/svi/doc/GN119?version=2.2	gnomAD popmax filtering allele frequency >0.00126<sup>1</sup>  <sup>1</sup>Consider also bottleneck populations.
IL7R	https://www.genenames.org/tools/search/#!/?query=IL7R	PM2	Supporting	4.129e-05	<	faf95				GN119	2.2	https://cspec.genome.network/cspec/ui/svi/doc/GN119?version=2.2	gnomAD popmax filtering allele frequency \<0.00004129.  *   An additional requirement is that **no homozygotes** have been observed in gnomAD.
RPE65	https://www.genenames.org/tools/search/#!/?query=RPE65	BA1	StandAlone	0.008	>=	faf95				GN120	1.0	https://cspec.genome.network/cspec/ui/svi/doc/GN120?version=1.0	Use gnomAD PopMax FAF if available, cutoff of  ≥8 x 10<sup>-3</sup>  *   Use large population databases (i.e. gnomAD).
RPE65	https://www.genenames.org/tools/search/#!/?query=RPE65	BS1	Strong	0.0008	>=	faf95				GN120	1.0	https://cspec.genome.network/cspec/ui/svi/doc/GN120?version=1.0	Allele frequency greater than expected for disorder. Use gnomAD PopMax FAF if available. Allele frequency between 8x10-3 and 8x10-4. Threshold derived by decreasing the BA1 cutoff (>8.0x10-3) by one order of magnitude.
RPE65	https://www.genenames.org/tools/search/#!/?query=RPE65	PM2	Supporting	0.0002	<=	faf95				GN120	1.0	https://cspec.genome.network/cspec/ui/svi/doc/GN120?version=1.0	Absent/rare from controls in an ethnically-matched cohort population sample.  *   Used if the gnomAD PopMax Filtering Allele Frequency (FAF) is ≤ 2.0 x 10<sup>-4</sup>.
JAK3	https://www.genenames.org/tools/search/#!/?query=JAK3	BA1	StandAlone	0.00447	>	faf95				GN121	2.3	https://cspec.genome.network/cspec/ui/svi/doc/GN121?version=2.3	gnomAD popmax filtering allele frequency >0.00447
JAK3	https://www.genenames.org/tools/search/#!/?query=JAK3	BS1	Strong	0.001	>	faf95				GN121	2.3	https://cspec.genome.network/cspec/ui/svi/doc/GN121?version=2.3	gnomAD popmax filtering allele frequency >0.00100<sup>1</sup>  <sup>1</sup>Consider also bottleneck populations.
JAK3	https://www.genenames.org/tools/search/#!/?query=JAK3	PM2	Supporting	0.000115	<	faf95				GN121	2.3	https://cspec.genome.network/cspec/ui/svi/doc/GN121?version=2.3	gnomAD popmax filtering allele frequency  \<0.000115  *   An additional requirement is that **no homozygotes** have been observed in gnomAD.
CTLA4	https://www.genenames.org/tools/search/#!/?query=CTLA4	BA1	StandAlone	1.110e-05	>=	faf95	all	5		GN122	2.0	https://cspec.genome.network/cspec/ui/svi/doc/GN122?version=2.0	*   Met for GrpMax Filtering Allele Frequency greater than or equal to 1.11 x 10<sup>-5</sup> (0.0000111) in gnomAD, with at least 5 alleles total across all populations in gnomAD (gnomAD v4.1.0). *   Threshold is based on the experts’ estimate of CTLA-4 insufficiency prevalence of 1/200,000 – 1/1,000,000 people and 45-70% penetrance. A higher prevalence estimate (1 in 100,000) and the lower end of the penetrance estimate (45%) were used for this calculation. Allelic heterogeneity of 1 and genetic heterogeneity of 1 were also assumed for the calculation.
CTLA4	https://www.genenames.org/tools/search/#!/?query=CTLA4	BS1	Strong	1.110e-06	>=	faf95	any_continental	3		GN122	2.0	https://cspec.genome.network/cspec/ui/svi/doc/GN122?version=2.0	*   Met for GrpMax Filtering Allele Frequency greater than or equal to 1.11 x 10<sup>-6</sup> (0.00000111) in gnomAD, with at least 3 alleles total across all populations in gnomAD (gnomAD v4.1.0). *   If GrpMax filtering allele frequency is not listed for the variant, this code is evaluated in relation to the maximum allele frequency among the five major continental populations (African / African-American, East Asian, European non-Finnish, Latino / Admixed-American, or South Asian), but requires **at least 3 alleles total** across all populations in gnomAD (gnomAD v4.1.0) to be met. *   Threshold is based on the experts’ estimate of CTLA-4 insufficiency prevalence of 1/200,000 – 1/1,000,000 people and 45-70% penetrance. An intermediate prevalence estimate (1 in 500,000) and the lower end of the penetrance estimate (45%) were used for this calculation. Allelic heterogeneity of 1 and genetic heterogeneity of 0.5 were also assumed for the calculation.
CTLA4	https://www.genenames.org/tools/search/#!/?query=CTLA4	PM2	Supporting	1.430e-07	<	faf95	all			GN122	2.0	https://cspec.genome.network/cspec/ui/svi/doc/GN122?version=2.0	Met for total allele frequency lower than 1.43 x 10-7 (0.000000143) across all populations in gnomAD v4.1.0. Derived from experts' estimate of CTLA-4 insufficiency prevalence (1/200,000-1/1,000,000) and penetrance 45-70%.
RAG1	https://www.genenames.org/tools/search/#!/?query=RAG1	BA1	StandAlone	0.00872	>	faf95				GN123	2.2	https://cspec.genome.network/cspec/ui/svi/doc/GN123?version=2.2	gnomAD popmax filtering allele frequency >0.00872.
RAG1	https://www.genenames.org/tools/search/#!/?query=RAG1	BS1	Strong	0.00195	>	faf95				GN123	2.2	https://cspec.genome.network/cspec/ui/svi/doc/GN123?version=2.2	gnomAD popmax filtering allele frequency  >0.00195<sup>1</sup>  <sup>1</sup> Consider also bottleneck populations.
RAG1	https://www.genenames.org/tools/search/#!/?query=RAG1	PM2	Supporting	0.000102	<	faf95				GN123	2.2	https://cspec.genome.network/cspec/ui/svi/doc/GN123?version=2.2	gnomAD popmax filtering allele frequency  \<0.000102   *   An additional requirement is that **no homozygotes** have been observed in gnomAD.
RAG2	https://www.genenames.org/tools/search/#!/?query=RAG2	BA1	StandAlone	0.00872	>	faf95				GN124	2.2	https://cspec.genome.network/cspec/ui/svi/doc/GN124?version=2.2	gnomAD popmax filtering allele frequency >0.00872
RAG2	https://www.genenames.org/tools/search/#!/?query=RAG2	BS1	Strong	0.00195	>	faf95				GN124	2.2	https://cspec.genome.network/cspec/ui/svi/doc/GN124?version=2.2	gnomAD popmax filtering allele frequency  >0.00195<sup>1</sup>  <sup>1</sup> Consider also bottleneck populations.
RAG2	https://www.genenames.org/tools/search/#!/?query=RAG2	PM2	Supporting	5.880e-05	<	faf95				GN124	2.2	https://cspec.genome.network/cspec/ui/svi/doc/GN124?version=2.2	gnomAD popmax filtering allele frequency \<0.0000588    *   An additional requirement is that **no homozygotes** have been observed in gnomAD.
BMPR2	https://www.genenames.org/tools/search/#!/?query=BMPR2	BA1	StandAlone	0.01	>=	raw_af		1000		GN125	2.0	https://cspec.genome.network/cspec/ui/svi/doc/GN125?version=2.0	Allele frequency is above 1% in gnomAD, including any sub-population with at least 1,000 allele counts.
BMPR2	https://www.genenames.org/tools/search/#!/?query=BMPR2	BS1	Strong	0.001	>=	raw_af		1000		GN125	2.0	https://cspec.genome.network/cspec/ui/svi/doc/GN125?version=2.0	Allele frequency ≥0.1% among gnomAD controls, using the subpopulation with the highest frequency and at least 1,000 allele counts.
BMPR2	https://www.genenames.org/tools/search/#!/?query=BMPR2	PM2	Supporting	0.0001	<	raw_af		1000		GN125	2.0	https://cspec.genome.network/cspec/ui/svi/doc/GN125?version=2.0	Present at \<0.01% among gnomAD controls, using the subpopulation with the highest frequency and at least 1,000 allele counts. Caveat: Population data for indels may be poorly called by next generation sequencing.
RS1	https://www.genenames.org/tools/search/#!/?query=RS1	BA1	StandAlone	0.0002	>=	raw_af				GN126	1.0	https://cspec.genome.network/cspec/ui/svi/doc/GN126?version=1.0	Allele frequency ≥ 2x10<sup>-4</sup> in males in population databases (Exome Sequencing Project, 1000 Genomes or Exome Aggregation Consortium) in the subpopulation with the highest frequency.
RS1	https://www.genenames.org/tools/search/#!/?query=RS1	BS1	Strong	2.000e-05	>=	raw_af				GN126	1.0	https://cspec.genome.network/cspec/ui/svi/doc/GN126?version=1.0	Allele frequency ≥ 2x10<sup>-5</sup> in males in population databases.   \- The highest allele frequency in population databases should be used
RS1	https://www.genenames.org/tools/search/#!/?query=RS1	PM2	Supporting	2.000e-06	<	raw_af				GN126	1.0	https://cspec.genome.network/cspec/ui/svi/doc/GN126?version=1.0	At low frequency in males in population databases. Use <2.0x10-6 for cut off.
RRAS2	https://www.genenames.org/tools/search/#!/?query=RRAS2	BA1	StandAlone	0.0005	>=	faf95				GN127	1.3	https://cspec.genome.network/cspec/ui/svi/doc/GN127?version=1.3	GnomAD filtering allele frequency ≥0.05%.
RRAS2	https://www.genenames.org/tools/search/#!/?query=RRAS2	BS1	Strong	0.00025	>=	faf95				GN127	1.3	https://cspec.genome.network/cspec/ui/svi/doc/GN127?version=1.3	GnomAD filtering allele frequency ≥0.025%.
RRAS2	https://www.genenames.org/tools/search/#!/?query=RRAS2	PM2	Supporting	0	<=	raw_af				GN127	1.3	https://cspec.genome.network/cspec/ui/svi/doc/GN127?version=1.3	The variant must be absent from controls (gnomAD).
PPP1CB	https://www.genenames.org/tools/search/#!/?query=PPP1CB	BA1	StandAlone	0.0005	>=	faf95				GN128	1.3	https://cspec.genome.network/cspec/ui/svi/doc/GN128?version=1.3	GnomAD filtering allele frequency ≥0.05%.
PPP1CB	https://www.genenames.org/tools/search/#!/?query=PPP1CB	BS1	Strong	0.00025	>=	faf95				GN128	1.3	https://cspec.genome.network/cspec/ui/svi/doc/GN128?version=1.3	GnomAD filtering allele frequency ≥0.025%.
PPP1CB	https://www.genenames.org/tools/search/#!/?query=PPP1CB	PM2	Supporting	0	<=	raw_af				GN128	1.3	https://cspec.genome.network/cspec/ui/svi/doc/GN128?version=1.3	The variant must be absent from controls (gnomAD).
IL2RG	https://www.genenames.org/tools/search/#!/?query=IL2RG	BA1	StandAlone	0.0111	>	faf95				GN129	2.2	https://cspec.genome.network/cspec/ui/svi/doc/GN129?version=2.2	gnomAD popmax filtering allele frequency >0.01110.
IL2RG	https://www.genenames.org/tools/search/#!/?query=IL2RG	BS1	Strong	0.00249	>	faf95				GN129	2.2	https://cspec.genome.network/cspec/ui/svi/doc/GN129?version=2.2	gnomAD popmax filtering allele frequency >0.00249<sup>1</sup>  <sup>1</sup> Consider bottleneck populations
IL2RG	https://www.genenames.org/tools/search/#!/?query=IL2RG	PM2	Supporting	0.000124	<	faf95				GN129	2.2	https://cspec.genome.network/cspec/ui/svi/doc/GN129?version=2.2	gnomAD popmax filtering allele frequency <0.000124. No hemizygotes observed in gnomAD. Downgraded to PM2_Supporting.
ACVRL1	https://www.genenames.org/tools/search/#!/?query=ACVRL1	BA1	StandAlone	0.01	>=	popmax				GN135	1.1	https://cspec.genome.network/cspec/ui/svi/doc/GN135?version=1.1	Allele frequency is ≥1% in general population databases (e.g. gnomAD) based on Popmax FAF.
ACVRL1	https://www.genenames.org/tools/search/#!/?query=ACVRL1	BS1	Strong	0.002	>	popmax				GN135	1.1	https://cspec.genome.network/cspec/ui/svi/doc/GN135?version=1.1	\>0.2% to \<1% in general population databases (e.g. gnomAD) based on Popmax FAF, **or** if variant meets BS1\_Supporting and has ≥2 homozygotes.
ACVRL1	https://www.genenames.org/tools/search/#!/?query=ACVRL1	BS1	Supporting	0.0008	>	popmax				GN135	1.1	https://cspec.genome.network/cspec/ui/svi/doc/GN135?version=1.1	>0.08% to 0.2% (based on gnomAD Popmax FAF).
ACVRL1	https://www.genenames.org/tools/search/#!/?query=ACVRL1	PM2	Supporting	4.000e-05	<	raw_af	all			GN135	1.1	https://cspec.genome.network/cspec/ui/svi/doc/GN135?version=1.1	\<6 total alleles in gnomAD or \<0.00004 (0.004%) in gnomAD subpopulations.
ENG	https://www.genenames.org/tools/search/#!/?query=ENG	BA1	StandAlone	0.01	>=	popmax				GN136	1.1	https://cspec.genome.network/cspec/ui/svi/doc/GN136?version=1.1	Allele frequency is ≥1% in general population databases (e.g. gnomAD) based on Popmax FAF.
ENG	https://www.genenames.org/tools/search/#!/?query=ENG	BS1	Strong	0.002	>	popmax				GN136	1.1	https://cspec.genome.network/cspec/ui/svi/doc/GN136?version=1.1	\>0.2% to \<1% in general population databases (e.g. gnomAD) based on Popmax FAF, **or** if variant meets BS1\_Supporting and has ≥2 homozygotes.
ENG	https://www.genenames.org/tools/search/#!/?query=ENG	BS1	Supporting	0.0008	>	popmax				GN136	1.1	https://cspec.genome.network/cspec/ui/svi/doc/GN136?version=1.1	>0.08% to 0.2% (based on gnomAD Popmax FAF).
ENG	https://www.genenames.org/tools/search/#!/?query=ENG	PM2	Supporting	4.000e-05	<	raw_af	all			GN136	1.1	https://cspec.genome.network/cspec/ui/svi/doc/GN136?version=1.1	\<6 total alleles in gnomAD or \<0.00004 (0.004%) in gnomAD subpopulations.
MSH2	https://www.genenames.org/tools/search/#!/?query=MSH2	BA1	StandAlone	0.001	>=	faf95				GN137	2.0	https://cspec.genome.network/cspec/ui/svi/doc/GN137?version=2.0	GnomAD v4 Grpmax filtering allele frequency ≥ 0.001 (0.1%) and variant is excluded as founder pathogenic variant.
MSH2	https://www.genenames.org/tools/search/#!/?query=MSH2	BS1	Strong	0.0001	>=	faf95				GN137	2.0	https://cspec.genome.network/cspec/ui/svi/doc/GN137?version=2.0	GnomAD v4 Grpmax filtering allele frequency ≥ 0.0001 and \< 0.001 (0.01-0.1%) and variant is excluded as founder pathogenic variant.
MSH2	https://www.genenames.org/tools/search/#!/?query=MSH2	PM2	Supporting	2.000e-05	<	raw_af				GN137	2.0	https://cspec.genome.network/cspec/ui/svi/doc/GN137?version=2.0	Absent/extremely rare allele frequency \<0.00002 (\<1 in 50,000 alleles ) in gnomAD v4 dataset
MSH6	https://www.genenames.org/tools/search/#!/?query=MSH6	BA1	StandAlone	0.0022	>=	faf95				GN138	2.0	https://cspec.genome.network/cspec/ui/svi/doc/GN138?version=2.0	GnomAD v4 Grpmax filtering allele frequency ≥ 0.0022 (0.22%) and variant is excluded as founder pathogenic variant.
MSH6	https://www.genenames.org/tools/search/#!/?query=MSH6	BS1	Strong	0.00022	>=	faf95				GN138	2.0	https://cspec.genome.network/cspec/ui/svi/doc/GN138?version=2.0	GnomAD v4 Grpmax filtering allele frequency ≥ 0.00022 and \< 0.0022 (0.022-0.22%) and variant is excluded as founder pathogenic variant.
MSH6	https://www.genenames.org/tools/search/#!/?query=MSH6	PM2	Supporting	2.000e-05	<	raw_af				GN138	2.0	https://cspec.genome.network/cspec/ui/svi/doc/GN138?version=2.0	Absent/extremely rare allele frequency \<0.00002 (\<1 in 50,000 alleles ) in gnomAD v4 dataset
PMS2	https://www.genenames.org/tools/search/#!/?query=PMS2	BA1	StandAlone	0.0028	>=	faf95				GN139	2.0	https://cspec.genome.network/cspec/ui/svi/doc/GN139?version=2.0	GnomAD v4 Grpmax filtering allele frequency ≥ 0.0028 (0.28%) and variant is excluded as founder pathogenic variant.
PMS2	https://www.genenames.org/tools/search/#!/?query=PMS2	BS1	Strong	0.00028	>=	faf95				GN139	2.0	https://cspec.genome.network/cspec/ui/svi/doc/GN139?version=2.0	GnomAD v4 Grpmax filtering allele frequency ≥ 0.00028 and \< 0.0028 (0.028-0.28%) and variant is excluded as founder pathogenic variant.
PMS2	https://www.genenames.org/tools/search/#!/?query=PMS2	PM2	Supporting	2.000e-05	<	raw_af				GN139	2.0	https://cspec.genome.network/cspec/ui/svi/doc/GN139?version=2.0	Absent/extremely rare allele frequency \<0.00002 (\<1 in 50,000 alleles ) in gnomAD v4 dataset
PIK3CD	https://www.genenames.org/tools/search/#!/?query=PIK3CD	BA1	StandAlone	0.00316	>=	faf95	any_continental			GN141	1.0	https://cspec.genome.network/cspec/ui/svi/doc/GN141?version=1.0	*   Applicable to variants with a GrpMax filtering allele frequency greater than or equal to 0.00316 in gnomAD v4.1.0. *   If GrpMax filtering allele frequency is not listed for the variant, this code is applicable to the maximum allele frequency among the five major continental populations (African / African-American, East Asian, European non-Finnish, Latino / Admixed-American, or South Asian). *   Maximum credible population allele frequency threshold determined using Whiffin/Ware calculator ([https://www.cardiodb.org/allelefrequencyapp/](https://www.cardiodb.org/allelefrequencyapp/)) and the following estimated parameters (with the prevalence estimated for PIK3CD-related immune disease and the inheritance tailored to the autosomal recessive rather than autosomal dominant mode of inheritance, associated with complete penetrance):     *   Inheritance: biallelic     *   Prevalence: 1 in 100,000 (calculated at 1 in 7,500,000 based on the USIDNET cohort, PMID: 34352450, but adjusted based on expectation that cases are actually more common, resulting in a much more frequent / more aggressive prevalence estimate of 1 in 100,000 in order to generate a more conservative estimate)     *   Allelic heterogeneity: 1     *   Genetic heterogeneity: 1     *   Penetrance: 1
PIK3CD	https://www.genenames.org/tools/search/#!/?query=PIK3CD	BS1	Strong	0.000316	>=	faf95	any_continental			GN141	1.0	https://cspec.genome.network/cspec/ui/svi/doc/GN141?version=1.0	*   Applicable to variants with a GrpMax filtering allele frequency greater than or equal to 0.000316 in gnomAD v4.1.0. *   If GrpMax filtering allele frequency is not listed for the variant, this code is applicable to the maximum allele frequency among the five major continental populations (African / African-American, East Asian, European non-Finnish, Latino / Admixed-American, or South Asian). *   The BS1 threshold was derived by decreasing the BA1 cutoff (greater than or equal to 0.00316) by one order of magnitude.
PIK3CD	https://www.genenames.org/tools/search/#!/?query=PIK3CD	PM2	Supporting	1.320e-06	<	raw_af	all			GN141	1.0	https://cspec.genome.network/cspec/ui/svi/doc/GN141?version=1.0	*   Downgraded to PM2\_Supporting *   Applicable to variants with a total allele frequency \<0.00000132 across all populations in gnomAD v4.1.0. *   Maximum credible population allele frequency threshold determined using Whiffin/Ware calculator ([https://www.cardiodb.org/allelefrequencyapp/](https://www.cardiodb.org/allelefrequencyapp/)) and the following estimated parameters (with the prevalence estimated for autosomal dominant PIK3CD-related immune disease):     *   Prevalence: 1 in 4000 (a conservative estimate for primary immunodeficiency diseases from PMID: 17577648, PMID: 23201919)     *   Allelic heterogeneity: 1     *   Genetic heterogeneity: 1     *   Penetrance: 0.95 (a conservative estimate based on multiple reports of incomplete but nearly complete penetrance in PMID: 27555459, PMID: 36749229, PMID: 37390899)
NEB	https://www.genenames.org/tools/search/#!/?query=NEB	BA1	StandAlone	0.00559	>=	faf95		2000		GN146	1.0	https://cspec.genome.network/cspec/ui/svi/doc/GN146?version=1.0	The minor allele frequency using the filtering allele frequency of either exomes or genomes in gnomAD is ≥0.00559. All populations used should have at least 2000 alleles and >1 observation. The Ashkenazi Jewish, European Finnish, and Other populations in gnomAD will not be used for BA1 application.  **BA1 exclusion variants** (well-known pathogenic variants that are above the specified BA1 threshold) are as follows:   Exon 55 deletion common in the AJ population (NM\_001271208.2:c.7431+1919\_7536+374del)  NM\_001271208.2:c.19097G>T (p.Ser6366Ile)  NM\_001271208.2:c.22249A>C (p.Thr7417Pro)
NEB	https://www.genenames.org/tools/search/#!/?query=NEB	BS1	Strong	0.000237	>=	faf95	any_continental	2000		GN146	1.0	https://cspec.genome.network/cspec/ui/svi/doc/GN146?version=1.0	The minor allele frequency using the filtering allele frequency of either exomes or genomes in gnomAD is ≥0.000237 in continental populations. All populations used should have at least 2000 alleles and >1 observation.
NEB	https://www.genenames.org/tools/search/#!/?query=NEB	PM2	Supporting	5.590e-05	<=	raw_af		2000		GN146	1.0	https://cspec.genome.network/cspec/ui/svi/doc/GN146?version=1.0	PM2\_Supporting may be applied if the minor allele frequency in population databases of at least 2000 alleles is ≤ 0.0000559. 1 allele is allowed.
ACTA1	https://www.genenames.org/tools/search/#!/?query=ACTA1	BA1	StandAlone	7.810e-05	>=	faf95	any_continental	2000		GN147	2.0	https://cspec.genome.network/cspec/ui/svi/doc/GN147?version=2.0	The minor allele frequency using the filtering allele frequency of either exomes or genomes in gnomAD is **≥0.0000781 for AD variants**. All continental populations in gnomAD used should have at least 2000 alleles and >1 observation.
ACTA1	https://www.genenames.org/tools/search/#!/?query=ACTA1	BS1	Strong	7.810e-06	>=	faf95	any_continental	2000		GN147	2.0	https://cspec.genome.network/cspec/ui/svi/doc/GN147?version=2.0	The minor allele frequency using the filtering allele frequency of either exomes or genomes in gnomAD is **≥0.00000781 for AD variants**. All continental populations used in gnomAD should have at least 2000 alleles and >1 observation.
ACTA1	https://www.genenames.org/tools/search/#!/?query=ACTA1	PM2	Supporting	0	<=	raw_af				GN147	2.0	https://cspec.genome.network/cspec/ui/svi/doc/GN147?version=2.0	PM2\_Supporting may be applied if the minor allele frequency in population databases of at least 2000 alleles is   absent (1 allele allowed) for autosomal dominant
DNM2	https://www.genenames.org/tools/search/#!/?query=DNM2	BA1	StandAlone	1.500e-06	>=	faf95	any_continental	2000		GN148	1.0	https://cspec.genome.network/cspec/ui/svi/doc/GN148?version=1.0	The minor allele frequency using the filtering allele frequency of either exomes or genomes in gnomAD is **≥0.0000015**. All continental populations used in gnomAD should have at least 2000 alleles and >1 observation.
DNM2	https://www.genenames.org/tools/search/#!/?query=DNM2	BS1	Strong	1.500e-07	>=	faf95	any_continental	2000		GN148	1.0	https://cspec.genome.network/cspec/ui/svi/doc/GN148?version=1.0	The minor allele frequency using the filtering allele frequency of either exomes or genomes in gnomAD is **≥0.00000015**. All continental populations used in gnomAD should have at least 2000 alleles and >1 observation.
DNM2	https://www.genenames.org/tools/search/#!/?query=DNM2	PM2	Supporting	0	<=	raw_af				GN148	1.0	https://cspec.genome.network/cspec/ui/svi/doc/GN148?version=1.0	PM2\_Supporting may be applied if the minor allele frequency in population databases of at least 2000 alleles is absent (1 allele allowed)
MTM1	https://www.genenames.org/tools/search/#!/?query=MTM1	BA1	StandAlone	1.600e-05	>=	faf95	any_continental	2000		GN149	1.0	https://cspec.genome.network/cspec/ui/svi/doc/GN149?version=1.0	The minor allele frequency using the filtering allele frequency of either exomes or genomes in gnomAD is **≥0.000016**. All continental gnomAD populations used should have at least 2000 alleles and >1 observation.
MTM1	https://www.genenames.org/tools/search/#!/?query=MTM1	BS1	Strong	1.600e-06	>=	faf95	any_continental	2000		GN149	1.0	https://cspec.genome.network/cspec/ui/svi/doc/GN149?version=1.0	The minor allele frequency using the filtering allele frequency of either exomes or genomes in gnomAD is **≥0.0000016**. All continental gnomAD populations used should have at least 2000 alleles and >1 observation.
MTM1	https://www.genenames.org/tools/search/#!/?query=MTM1	PM2	Supporting	0	<=	raw_af				GN149	1.0	https://cspec.genome.network/cspec/ui/svi/doc/GN149?version=1.0	PM2\_Supporting may be applied if the minor allele frequency in population databases of at least 2000 alleles is absent (1 observation allowed in females only)
RYR1	https://www.genenames.org/tools/search/#!/?query=RYR1	BA1	StandAlone	4.860e-05	>=	faf95	any_continental	2000		GN150	2.0	https://cspec.genome.network/cspec/ui/svi/doc/GN150?version=2.0	The minor allele frequency using the filtering allele frequency of either exomes or genomes of continental populations in gnomAD is **≥0.0000486** **for AD variants**. All populations used should have at least 2000 alleles and >1 observation.   **BA1 exclusion variants** (well-known pathogenic variants that are above the specified BA1 or BS1 threshold) are as follows:   NM\_000540.3:c.14524G>A (p.Val4842Met)  NM\_000540.3:c.325C>T (p.Arg109Trp)
RYR1	https://www.genenames.org/tools/search/#!/?query=RYR1	BS1	Strong	4.860e-06	>=	faf95	any_continental	2000		GN150	2.0	https://cspec.genome.network/cspec/ui/svi/doc/GN150?version=2.0	The minor allele frequency using the filtering allele frequency of either exomes or genomes of continental populations in gnomAD is **≥0.00000486 for AD variants**. All populations used should have at least 2000 alleles and >1 observation.   **BA1/BS1 exclusion variants** (well-known pathogenic variants that are above the specified BA1 or BS1 threshold) are as follows:   NM\_000540.3:c.14524G>A (p.Val4842Met)  NM\_000540.3:c.325C>T (p.Arg109Trp)
RYR1	https://www.genenames.org/tools/search/#!/?query=RYR1	PM2	Supporting	0	<=	raw_af				GN150	2.0	https://cspec.genome.network/cspec/ui/svi/doc/GN150?version=2.0	PM2\_Supporting may be applied if the minor allele frequency in population databases of at least 2000 alleles is absent (1 allele allowed) for autosomal dominant
OTC	https://www.genenames.org/tools/search/#!/?query=OTC	BA1	StandAlone	0.01	>=	faf95				GN156	1.0	https://cspec.genome.network/cspec/ui/svi/doc/GN156?version=1.0	Allele frequency above 0.010000 (1.0%), Grpmax Filtering Allele Frequency OR ≥10 (female) homozygotes or (male) hemizygotes in the most current version of gnomAD available at the time of curation.
OTC	https://www.genenames.org/tools/search/#!/?query=OTC	BS1	Strong	0.002	>	faf95				GN156	1.0	https://cspec.genome.network/cspec/ui/svi/doc/GN156?version=1.0	An allele frequency >0.002000 (0.2%), Grpmax Filtering Allele Frequency in the  most current version of gnomAD available at the time of curation.   Note: Both BS1 and BS2 cannot be applied if the same dataset is used to assess population data
OTC	https://www.genenames.org/tools/search/#!/?query=OTC	PM2	Supporting	1.500e-05	<	faf95				GN156	1.0	https://cspec.genome.network/cspec/ui/svi/doc/GN156?version=1.0	Applicable for variants in OTC with Grpmax Filtering Allele Frequency \<0.000015 (0.0015%) AND ≤1 homo- or hemizygote in the most current version of gnomAD available at the time of curation.    Rationale: The most common pathogenic variant in population databases is p.Arg40Cys, which is associated with late onset OTC Deficiency (PMID: 23209112, 7860066, 11260212, others) and present in 17 heterozygotes and 6 hemizygotes in gnomAD(v4.0.0) (Mino Allele frequency=0.001586% in European populations).  Other commonly reported pathogenic variants (p.Arg277Trp, p.Arg141Gln, p.Arg141Ter) are rare or absent in population databases, therefore a threshold of 0.0015% is set for PM2\_Supporting.
GFAP	https://www.genenames.org/tools/search/#!/?query=GFAP	BA1	StandAlone	0.0001	>=	faf95				GN157	1.0	https://cspec.genome.network/cspec/ui/svi/doc/GN157?version=1.0	GnomAD (v4.1.0) filtering allele frequency ≥0.01%
GFAP	https://www.genenames.org/tools/search/#!/?query=GFAP	BS1	Strong	1.000e-05	>=	faf95				GN157	1.0	https://cspec.genome.network/cspec/ui/svi/doc/GN157?version=1.0	GnomAD (v4.1.0) filtering allele frequency ≥0.001%
GFAP	https://www.genenames.org/tools/search/#!/?query=GFAP	PM2	Supporting	0	<=	raw_af				GN157	1.0	https://cspec.genome.network/cspec/ui/svi/doc/GN157?version=1.0	Absent in gnomAD
GALT	https://www.genenames.org/tools/search/#!/?query=GALT	BA1	StandAlone	0.01	>=	faf95				GN158	1.1	https://cspec.genome.network/cspec/ui/svi/doc/GN158?version=1.1	Use a minor allele frequency cutoff of ≥0.01 (1%) (use PopMax  FAF in gnomAD). This frequency was calculated using the Whiffen-Ware calculator with a prevalence estimated at 1 in 10,000, penetrance at 100%, maximum allelic contribution and maximum genetic contribution at 100%.
GALT	https://www.genenames.org/tools/search/#!/?query=GALT	BS1	Strong	0.005	>=	faf95				GN158	1.1	https://cspec.genome.network/cspec/ui/svi/doc/GN158?version=1.1	Use a minor allele frequency cutoff of ≥0.005 (0.5%) (use PopMax  FAF in gnomAD). This frequency was calculated using the Whiffen-Ware calculator with a prevalence estimated at 1 in 10,000, penetrance at 100%, maximum allelic contribution of 50% and maximum genetic contribution at 100%.
GALT	https://www.genenames.org/tools/search/#!/?query=GALT	PM2	Supporting	0.0005	<=	faf95				GN158	1.1	https://cspec.genome.network/cspec/ui/svi/doc/GN158?version=1.1	*   Can only be used at the supporting level  *   Use the PopMax filtering allele frequency (FAF) from gnomAD. *   Use if variant is present at ≤ 0.0005 or 0.05%      *   One order of magnitude below BS1 *   PM2 is not considered conflicting data with BP4 or BP7 *   A curated list of _GALT_ variants known to be pathogenic despite not fulfilling the PM2 criterion has been developed (see PM2 exception list)
PIK3R1	https://www.genenames.org/tools/search/#!/?query=PIK3R1	BA1	StandAlone	0.00316	>=	faf95	any_continental			GN160	1.0	https://cspec.genome.network/cspec/ui/svi/doc/GN160?version=1.0	*   Applicable to variants with a GrpMax filtering allele frequency greater than or equal to 0.00316 in gnomAD v4.1.0. *   If GrpMax filtering allele frequency is not listed for the variant, this code is applicable to the maximum allele frequency among the five major continental populations (African / African-American, East Asian, European non-Finnish, Latino / Admixed-American, or South Asian). *   Maximum credible population allele frequency threshold determined using Whiffin/Ware calculator ([https://www.cardiodb.org/allelefrequencyapp/](https://www.cardiodb.org/allelefrequencyapp/)) and the following estimated parameters:     *   Inheritance: biallelic (in order to generate a higher / more stringent threshold that would rule out a variant as a credible cause of either autosomal dominant or autosomal recessive disease)     *   Prevalence: 1 in 100,000 (calculated at 1 in 7,500,000 based on the USIDNET cohort, PMID: 34352450, but adjusted based on expectation that cases are actually more common, resulting in a much more frequent / more aggressive prevalence estimate of 1 in 100,000 in order to generate a more conservative estimate)     *   Allelic heterogeneity: 1     *   Genetic heterogeneity: 1     *   Penetrance: 1 *   Please note that the values cited above (e.g. complete penetrance) are not asserted to be true for this condition. Rather, they are used in order to derive the most rigorous thresholds possible for a disease for which there are incomplete population epidemiology data.
PIK3R1	https://www.genenames.org/tools/search/#!/?query=PIK3R1	BS1	Strong	0.000316	>=	faf95	any_continental			GN160	1.0	https://cspec.genome.network/cspec/ui/svi/doc/GN160?version=1.0	*   Applicable to variants with a GrpMax filtering allele frequency greater than or equal to 0.000316 in gnomAD v4.1.0. *   If GrpMax filtering allele frequency is not listed for the variant, this code is applicable to the maximum allele frequency among the five major continental populations (African / African-American, East Asian, European non-Finnish, Latino / Admixed-American, or South Asian). *   The BS1 threshold was derived by decreasing the BA1 cutoff (greater than or equal to 0.00316) by one order of magnitude.
PIK3R1	https://www.genenames.org/tools/search/#!/?query=PIK3R1	PM2	Supporting	1.320e-06	<	raw_af	all			GN160	1.0	https://cspec.genome.network/cspec/ui/svi/doc/GN160?version=1.0	*   Used at PM2\_Supporting strength. *   Applicable to variants with a total allele frequency \<0.00000132 across all populations in gnomAD v4.1.0. *   Population allele frequency threshold has been determined using the Whiffin/Ware calculator ([https://www.cardiodb.org/allelefrequencyapp/](https://www.cardiodb.org/allelefrequencyapp/)) and the following estimated parameters (with the prevalence estimated for primary immunodeficiency and the inheritance tailored to the autosomal dominant mode of inheritance):     *   Prevalence: 1 in 4000     *   Allelic heterogeneity: 1     *   Genetic heterogeneity: 1     *   Penetrance: 0.95
ABCA4	https://www.genenames.org/tools/search/#!/?query=ABCA4	BA1	StandAlone	0.163	>=	raw_af				GN164	1.0	https://cspec.genome.network/cspec/ui/svi/doc/GN164?version=1.0	Gprmax allele frequency cutoff of greater than 0.163 in gnomAD.
ABCA4	https://www.genenames.org/tools/search/#!/?query=ABCA4	BS1	Strong	0.0163	>=	grpmax				GN164	1.0	https://cspec.genome.network/cspec/ui/svi/doc/GN164?version=1.0	Grpmax allele frequency cutoff of greater than 0.0163 in gnomAD.
ABCA4	https://www.genenames.org/tools/search/#!/?query=ABCA4	BS1	Supporting	0.00163	>=	grpmax				GN164	1.0	https://cspec.genome.network/cspec/ui/svi/doc/GN164?version=1.0	Grpmax allele frequency cutoff of greater than 0.00163 in gnomAD.
ABCA4	https://www.genenames.org/tools/search/#!/?query=ABCA4	PM2	Supporting	0.0001	<	raw_af	all			GN164	1.0	https://cspec.genome.network/cspec/ui/svi/doc/GN164?version=1.0	Total MAF \<0.0001 in gnomAD.
GUCY2D	https://www.genenames.org/tools/search/#!/?query=GUCY2D	BA1	StandAlone	0.016	>	faf95				GN167	1.0	https://cspec.genome.network/cspec/ui/svi/doc/GN167?version=1.0	Use gnomAD Grpmax FAF if available, cutoff of  >0.016  *   Use large population databases (i.e. gnomAD).
GUCY2D	https://www.genenames.org/tools/search/#!/?query=GUCY2D	BS1	Strong	0.0016	>=	faf95				GN167	1.0	https://cspec.genome.network/cspec/ui/svi/doc/GN167?version=1.0	Allele frequency greater than expected for disorder. Use gnomAD Grpmax FAF if available.  *   Allele frequency of 0.0016 - 0.016
GUCY2D	https://www.genenames.org/tools/search/#!/?query=GUCY2D	PM2	Supporting	0.0004	<=	raw_af	all			GN167	1.0	https://cspec.genome.network/cspec/ui/svi/doc/GN167?version=1.0	Absent/rare from controls in an ethnically-matched cohort population sample.  *   Used if the gnomAD total allele frequency is ≤ 4.0 x 10<sup>-4</sup>.
ACTA1	https://www.genenames.org/tools/search/#!/?query=ACTA1	BA1	StandAlone	0.0025	>=	faf95	any_continental	2000		GN169	1.0	https://cspec.genome.network/cspec/ui/svi/doc/GN169?version=1.0	The minor allele frequency using the filtering allele frequency of either exomes or genomes in gnomAD is **≥0.0025 for AR variants**. All continental populations in gnomAD used should have at least 2000 alleles and >1 observation.   **BA1 exclusion variants** (well-known pathogenic variants that are above the specified BA1 threshold) are as follows:   NM\_001100.4(ACTA1):c.541del (p.Asp181fs)  NM\_001100.4(ACTA1):c.121C>T(p.Arg41\*)
ACTA1	https://www.genenames.org/tools/search/#!/?query=ACTA1	BS1	Strong	0.00025	>=	faf95	any_continental	2000		GN169	1.0	https://cspec.genome.network/cspec/ui/svi/doc/GN169?version=1.0	The minor allele frequency using the filtering allele frequency of either exomes or genomes in gnomAD is **≥0.00025 for AR** **variants**. All continental populations used in gnomAD should have at least 2000 alleles and >1 observation.
ACTA1	https://www.genenames.org/tools/search/#!/?query=ACTA1	PM2	Supporting	5.000e-06	<=	raw_af		2000		GN169	1.0	https://cspec.genome.network/cspec/ui/svi/doc/GN169?version=1.0	PM2\_Supporting may be applied if the minor allele frequency in population databases of at least 2000 alleles is   ≤ 0.000005 for autosomal recessive
HBB	https://www.genenames.org/tools/search/#!/?query=HBB	BA1	StandAlone	0.005	>=	raw_af		2000		GN170	1.0	https://cspec.genome.network/cspec/ui/svi/doc/GN170?version=1.0	Allele frequency ≥0.005 (0.5%) in a studied general population with ≥2000 alleles and variant present in ≥5 alleles.
HBB	https://www.genenames.org/tools/search/#!/?query=HBB	BS1	Strong	0.001	>=	raw_af		2000		GN170	1.0	https://cspec.genome.network/cspec/ui/svi/doc/GN170?version=1.0	Allele frequency ≥0.001 (0.1%) in a studied general population with ≥2000 alleles and variant present in ≥5 alleles.
HBB	https://www.genenames.org/tools/search/#!/?query=HBB	PM2	Supporting	0.0001	<	raw_af				GN170	1.0	https://cspec.genome.network/cspec/ui/svi/doc/GN170?version=1.0	Allele frequency \<0.0001 (0.01%) in gnomAD.
HBA2	https://www.genenames.org/tools/search/#!/?query=HBA2	BA1	StandAlone	0.005	>=	raw_af		2000		GN173	1.0	https://cspec.genome.network/cspec/ui/svi/doc/GN173?version=1.0	Allele frequency ≥0.005 (0.5%) in a studied general population with ≥2000 alleles and variant present in ≥5 alleles.
HBA2	https://www.genenames.org/tools/search/#!/?query=HBA2	BS1	Strong	0.001	>=	raw_af		2000		GN173	1.0	https://cspec.genome.network/cspec/ui/svi/doc/GN173?version=1.0	Allele frequency ≥0.001 (0.1%) in a studied general population with ≥2000 alleles and variant present in ≥5 alleles.
HBA2	https://www.genenames.org/tools/search/#!/?query=HBA2	PM2	Supporting	0.0001	<	raw_af				GN173	1.0	https://cspec.genome.network/cspec/ui/svi/doc/GN173?version=1.0	Allele frequency \<0.0001 (0.01%) in gnomAD.
RYR1	https://www.genenames.org/tools/search/#!/?query=RYR1	BA1	StandAlone	0.00697	>=	faf95	any_continental	2000		GN179	2.0	https://cspec.genome.network/cspec/ui/svi/doc/GN179?version=2.0	The minor allele frequency using the filtering allele frequency of either exomes or genomes of continental populations in gnomAD is **≥0.00697** **for AR variants**. All populations used should have at least 2000 alleles and >1 observation.   **BA1 exclusion variants** (well-known pathogenic variants that are above the specified BA1 or BS1 threshold) are as follows:   NM\_000540.3:c.6721C>T (p.Arg2241Ter)  NM\_000540.3:c.10348-6C>G
RYR1	https://www.genenames.org/tools/search/#!/?query=RYR1	BS1	Strong	0.000697	>=	faf95	any_continental	2000		GN179	2.0	https://cspec.genome.network/cspec/ui/svi/doc/GN179?version=2.0	The minor allele frequency using the filtering allele frequency of either exomes or genomes of continental populations in gnomAD is **≥0.000697 for AR variants**. All populations used should have at least 2000 alleles and >1 observation.   **BA1/BS1 exclusion variants** (well-known pathogenic variants that are above the specified BA1 or BS1 threshold) are as follows:   NM\_000540.3:c.6721C>T (p.Arg2241Ter)  NM\_000540.3:c.10348-6C>G
RYR1	https://www.genenames.org/tools/search/#!/?query=RYR1	PM2	Supporting	6.970e-06	<=	raw_af		2000		GN179	2.0	https://cspec.genome.network/cspec/ui/svi/doc/GN179?version=2.0	PM2\_Supporting may be applied if the minor allele frequency in population databases of at least 2000 alleles is    ≤ 0.00000697 for autosomal recessive
DYSF	https://www.genenames.org/tools/search/#!/?query=DYSF	BA1	StandAlone	0.003	>	faf95				GN180	2.0	https://cspec.genome.network/cspec/ui/svi/doc/GN180?version=2.0	Apply if the variant Grpmax FAF (the lower bound of the 95% confidence interval of the maximum credible genetic ancestry group allele frequency) is >0.003. This value can be taken directly from gnomAD, but do not use data for which the variant does not pass quality control filters. See supplementary file “benign frequency exceptions” for a list of variants defined as exceptions to the benign frequency rules. Ongoing updates to this list will be available at the LGMD VCEP webpage: [https://clinicalgenome.org/affiliation/50061/.](https://clinicalgenome.org/affiliation/50061/) Variants whose frequency may not be reliable (e.g., variants that may reflect a sequencing artifact) should be critically evaluated and brought to the attention of the LGMD VCEP.
DYSF	https://www.genenames.org/tools/search/#!/?query=DYSF	BS1	Strong	0.001	>	faf95				GN180	2.0	https://cspec.genome.network/cspec/ui/svi/doc/GN180?version=2.0	Apply if the variant Grpmax FAF (the lower bound of the 95% confidence interval of the maximum credible genetic ancestry group allele frequency) is >0.001. This value can be taken directly from gnomAD, but do not use data for which the variant does not pass quality control filters. See supplementary file “benign frequency exceptions” for a list of variants defined as exceptions to the benign frequency rules. Ongoing updates to this list will be available at the LGMD VCEP webpage: [https://clinicalgenome.org/affiliation/50061/.](https://clinicalgenome.org/affiliation/50061/.) Variants whose frequency may not be reliable (e.g., variants that may reflect a sequencing artifact) should be critically evaluated and brought to the attention of the LGMD VCEP.
DYSF	https://www.genenames.org/tools/search/#!/?query=DYSF	PM2	Supporting	0.0001	<	grpmax				GN180	2.0	https://cspec.genome.network/cspec/ui/svi/doc/GN180?version=2.0	Apply if the Grpmax variant allele frequency / upper bound of the 95% confidence interval (95% CI) of the Grpmax variant allele frequency in gnomAD is \<0.0001. Do not use data for which the variant does not pass quality control filters.   *   If only 1 or 2 variant alleles are present in the Grpmax population, use the Grpmax variant allele frequency *   If at least 3 variant alleles are present in the Grpmax population, use the upper bound of the 95% confidence interval (95% CI) of the Grpmax variant allele frequency  Grpmax refers to the gnomAD subpopulation with the highest variant allele frequency. Use large, non-bottlenecked genetic ancestry groups for the Grpmax; avoid using the Amish, Ashkenazi Jewish, European Finnish, and Remaining Individuals groups as well as the genomes-only data for the Middle Eastern group.  The upper bound of the 95% CI must be calculated using variant allele numbers and counts from gnomAD. Confidence interval tools, such as Confit-de-MAF ([https://www.genecalculators.net/confit-de-maf.html](https://www.genecalculators.net/confit-de-maf.html)), can be used.  Use the gnomAD version with the largest allele number.   For larger deletions or duplications that may not be well represented in gnomAD (e.g., single- or multi-exon events), also confirm the variant is not common in gnomAD SVs, gnomAD CNVs, or the Database of Genomic Variants (DGV) ([https://dgv.tcag.ca/dgv/app/home](https://dgv.tcag.ca/dgv/app/home)).
SGCB	https://www.genenames.org/tools/search/#!/?query=SGCB	BA1	StandAlone	0.002	>	faf95				GN184	2.0	https://cspec.genome.network/cspec/ui/svi/doc/GN184?version=2.0	Apply if the variant Grpmax FAF (the lower bound of the 95% confidence interval of the maximum credible genetic ancestry group allele frequency) is >0.002. This value can be taken directly from gnomAD, but do not use data for which the variant does not pass quality control filters. See supplementary file “benign frequency exceptions” for a list of variants defined as exceptions to the benign frequency rules. Ongoing updates to this list will be available at the LGMD VCEP webpage: [https://clinicalgenome.org/affiliation/50061/.](https://clinicalgenome.org/affiliation/50061/) Variants whose frequency may not be reliable (e.g., variants that may reflect a sequencing artifact) should be critically evaluated and brought to the attention of the LGMD VCEP.
SGCB	https://www.genenames.org/tools/search/#!/?query=SGCB	BS1	Strong	0.0009	>	faf95				GN184	2.0	https://cspec.genome.network/cspec/ui/svi/doc/GN184?version=2.0	Apply if the variant Grpmax FAF (the lower bound of the 95% confidence interval of the maximum credible genetic ancestry group allele frequency) is >0.0009. This value can be taken directly from gnomAD, but do not use data for which the variant does not pass quality control filters. See supplementary file “benign frequency exceptions” for a list of variants defined as exceptions to the benign frequency rules. Ongoing updates to this list will be available at the LGMD VCEP webpage: [https://clinicalgenome.org/affiliation/50061/.](https://clinicalgenome.org/affiliation/50061/) Variants whose frequency may not be reliable (e.g., variants that may reflect a sequencing artifact) should be critically evaluated and brought to the attention of the LGMD VCEP.
SGCB	https://www.genenames.org/tools/search/#!/?query=SGCB	PM2	Supporting	9.000e-05	<	grpmax				GN184	2.0	https://cspec.genome.network/cspec/ui/svi/doc/GN184?version=2.0	Apply if the Grpmax variant allele frequency / upper bound of the 95% confidence interval (95% CI) of the Grpmax variant allele frequency in gnomAD is \<0.00009. Do not use data for which the variant does not pass quality control filters.   *   If only 1 or 2 variant alleles are present in the Grpmax population, use the Grpmax variant allele frequency *   If at least 3 variant alleles are present in the Grpmax population, use the upper bound of the 95% confidence interval (95% CI) of the Grpmax variant allele frequency  Grpmax refers to the gnomAD subpopulation with the highest variant allele frequency. Use large, non-bottlenecked genetic ancestry groups for the Grpmax; avoid using the Amish, Ashkenazi Jewish, European Finnish, and Remaining Individuals groups as well as the genomes-only data for the Middle Eastern group.  The upper bound of the 95% CI must be calculated using variant allele numbers and counts from gnomAD. Confidence interval tools, such as Confit-de-MAF ([https://www.genecalculators.net/confit-de-maf.html](https://www.genecalculators.net/confit-de-maf.html)), can be used.  Use the gnomAD version with the largest allele number.   For larger deletions or duplications that may not be well represented in gnomAD (e.g., single- or multi-exon events), also confirm the variant is not common in gnomAD SVs, gnomAD CNVs, or the Database of Genomic Variants (DGV) ([https://dgv.tcag.ca/dgv/app/home](https://dgv.tcag.ca/dgv/app/home)).
SGCG	https://www.genenames.org/tools/search/#!/?query=SGCG	BA1	StandAlone	0.002	>	faf95				GN185	2.0	https://cspec.genome.network/cspec/ui/svi/doc/GN185?version=2.0	Apply if the variant Grpmax FAF (the lower bound of the 95% confidence interval of the maximum credible genetic ancestry group allele frequency) is >0.002. This value can be taken directly from gnomAD, but do not use data for which the variant does not pass quality control filters. See supplementary file “benign frequency exceptions” for a list of variants defined as exceptions to the benign frequency rules. Ongoing updates to this list will be available at the LGMD VCEP webpage: [https://clinicalgenome.org/affiliation/50061/.](https://clinicalgenome.org/affiliation/50061/) Variants whose frequency may not be reliable (e.g., variants that may reflect a sequencing artifact) should be critically evaluated and brought to the attention of the LGMD VCEP.
SGCG	https://www.genenames.org/tools/search/#!/?query=SGCG	BS1	Strong	0.0009	>	faf95				GN185	2.0	https://cspec.genome.network/cspec/ui/svi/doc/GN185?version=2.0	Apply if the variant Grpmax FAF (the lower bound of the 95% confidence interval of the maximum credible genetic ancestry group allele frequency) is >0.0009. This value can be taken directly from gnomAD, but do not use data for which the variant does not pass quality control filters. See supplementary file “benign frequency exceptions” for a list of variants defined as exceptions to the benign frequency rules. Ongoing updates to this list will be available at the LGMD VCEP webpage: [https://clinicalgenome.org/affiliation/50061/.](https://clinicalgenome.org/affiliation/50061/) Variants whose frequency may not be reliable (e.g., variants that may reflect a sequencing artifact) should be critically evaluated and brought to the attention of the LGMD VCEP.
SGCG	https://www.genenames.org/tools/search/#!/?query=SGCG	PM2	Supporting	9.000e-05	<	grpmax				GN185	2.0	https://cspec.genome.network/cspec/ui/svi/doc/GN185?version=2.0	Apply if the Grpmax variant allele frequency / upper bound of the 95% confidence interval (95% CI) of the Grpmax variant allele frequency in gnomAD is \<0.00009. Do not use data for which the variant does not pass quality control filters.   *   If only 1 or 2 variant alleles are present in the Grpmax population, use the Grpmax variant allele frequency *   If at least 3 variant alleles are present in the Grpmax population, use the upper bound of the 95% confidence interval (95% CI) of the Grpmax variant allele frequency  Grpmax refers to the gnomAD subpopulation with the highest variant allele frequency. Use large, non-bottlenecked genetic ancestry groups for the Grpmax; avoid using the Amish, Ashkenazi Jewish, European Finnish, and Remaining Individuals groups as well as the genomes-only data for the Middle Eastern group.  The upper bound of the 95% CI must be calculated using variant allele numbers and counts from gnomAD. Confidence interval tools, such as Confit-de-MAF ([https://www.genecalculators.net/confit-de-maf.html](https://www.genecalculators.net/confit-de-maf.html)), can be used.  Use the gnomAD version with the largest allele number.   For larger deletions or duplications that may not be well represented in gnomAD (e.g., single- or multi-exon events), also confirm the variant is not common in gnomAD SVs, gnomAD CNVs, or the Database of Genomic Variants (DGV) ([https://dgv.tcag.ca/dgv/app/home](https://dgv.tcag.ca/dgv/app/home)).
SGCD	https://www.genenames.org/tools/search/#!/?query=SGCD	BA1	StandAlone	0.002	>	faf95				GN186	2.0	https://cspec.genome.network/cspec/ui/svi/doc/GN186?version=2.0	Apply if the variant Grpmax FAF (the lower bound of the 95% confidence interval of the maximum credible genetic ancestry group allele frequency) is >0.002. This value can be taken directly from gnomAD, but do not use data for which the variant does not pass quality control filters. See supplementary file “benign frequency exceptions” for a list of variants defined as exceptions to the benign frequency rules. Ongoing updates to this list will be available at the LGMD VCEP webpage: [https://clinicalgenome.org/affiliation/50061/.](https://clinicalgenome.org/affiliation/50061/.) Variants whose frequency may not be reliable (e.g., variants that may reflect a sequencing artifact) should be critically evaluated and brought to the attention of the LGMD VCEP.
SGCD	https://www.genenames.org/tools/search/#!/?query=SGCD	BS1	Strong	0.0009	>	faf95				GN186	2.0	https://cspec.genome.network/cspec/ui/svi/doc/GN186?version=2.0	Apply if the variant Grpmax FAF (the lower bound of the 95% confidence interval of the maximum credible genetic ancestry group allele frequency) is >0.0009. This value can be taken directly from gnomAD, but do not use data for which the variant does not pass quality control filters. See supplementary file “benign frequency exceptions” for a list of variants defined as exceptions to the benign frequency rules. Ongoing updates to this list will be available at the LGMD VCEP webpage: [https://clinicalgenome.org/affiliation/50061/.](https://clinicalgenome.org/affiliation/50061/.) Variants whose frequency may not be reliable (e.g., variants that may reflect a sequencing artifact) should be critically evaluated and brought to the attention of the LGMD VCEP.
SGCD	https://www.genenames.org/tools/search/#!/?query=SGCD	PM2	Supporting	9.000e-05	<	grpmax				GN186	2.0	https://cspec.genome.network/cspec/ui/svi/doc/GN186?version=2.0	Apply if the Grpmax variant allele frequency / upper bound of the 95% confidence interval (95% CI) of the Grpmax variant allele frequency in gnomAD is \<0.00009. Do not use data for which the variant does not pass quality control filters.   *   If only 1 or 2 variant alleles are present in the Grpmax population, use the Grpmax variant allele frequency *   If at least 3 variant alleles are present in the Grpmax population, use the upper bound of the 95% confidence interval (95% CI) of the Grpmax variant allele frequency  Grpmax refers to the gnomAD subpopulation with the highest variant allele frequency. Use large, non-bottlenecked genetic ancestry groups for the Grpmax; avoid using the Amish, Ashkenazi Jewish, European Finnish, and Remaining Individuals groups as well as the genomes-only data for the Middle Eastern group.  The upper bound of the 95% CI must be calculated using variant allele numbers and counts from gnomAD. Confidence interval tools, such as Confit-de-MAF ([https://www.genecalculators.net/confit-de-maf.html](https://www.genecalculators.net/confit-de-maf.html)), can be used.  Use the gnomAD version with the largest allele number.   For larger deletions or duplications that may not be well represented in gnomAD (e.g., single- or multi-exon events), also confirm the variant is not common in gnomAD SVs, gnomAD CNVs, or the Database of Genomic Variants (DGV) ([https://dgv.tcag.ca/dgv/app/home](https://dgv.tcag.ca/dgv/app/home)).
CAPN3	https://www.genenames.org/tools/search/#!/?query=CAPN3	BA1	StandAlone	0.003	>	faf95				GN187	2.0	https://cspec.genome.network/cspec/ui/svi/doc/GN187?version=2.0	Apply if the variant Grpmax FAF (the lower bound of the 95% confidence interval of the maximum credible genetic ancestry group allele frequency) is >0.003. This value can be taken directly from gnomAD, but do not use data for which the variant does not pass quality control filters. See supplementary file “benign frequency exceptions” for a list of variants defined as exceptions to the benign frequency rules. Ongoing updates to this list will be available at the LGMD VCEP webpage: [https://clinicalgenome.org/affiliation/50061/.](https://clinicalgenome.org/affiliation/50061/) Variants whose frequency may not be reliable (e.g., variants that may reflect a sequencing artifact) should be critically evaluated and brought to the attention of the LGMD VCEP.
CAPN3	https://www.genenames.org/tools/search/#!/?query=CAPN3	BS1	Strong	0.001	>	faf95				GN187	2.0	https://cspec.genome.network/cspec/ui/svi/doc/GN187?version=2.0	Apply if the variant Grpmax FAF (the lower bound of the 95% confidence interval of the maximum credible genetic ancestry group allele frequency) is >0.001. This value can be taken directly from gnomAD, but do not use data for which the variant does not pass quality control filters. See supplementary file “benign frequency exceptions” for a list of variants defined as exceptions to the benign frequency rules. Ongoing updates to this list will be available at the LGMD VCEP webpage: [https://clinicalgenome.org/affiliation/50061/.](https://clinicalgenome.org/affiliation/50061/.) Variants whose frequency may not be reliable (e.g., variants that may reflect a sequencing artifact) should be critically evaluated and brought to the attention of the LGMD VCEP.
CAPN3	https://www.genenames.org/tools/search/#!/?query=CAPN3	PM2	Supporting	0.0001	<	grpmax				GN187	2.0	https://cspec.genome.network/cspec/ui/svi/doc/GN187?version=2.0	Apply if the Grpmax variant allele frequency / upper bound of the 95% confidence interval (95% CI) of the Grpmax variant allele frequency in gnomAD is \<0.0001. Do not use data for which the variant does not pass quality control filters.   *   If only 1 or 2 variant alleles are present in the Grpmax population, use the Grpmax variant allele frequency *   If at least 3 variant alleles are present in the Grpmax population, use the upper bound of the 95% confidence interval (95% CI) of the Grpmax variant allele frequency  Grpmax refers to the gnomAD subpopulation with the highest variant allele frequency. Use large, non-bottlenecked genetic ancestry groups for the Grpmax; avoid using the Amish, Ashkenazi Jewish, European Finnish, and Remaining Individuals groups as well as the genomes-only data for the Middle Eastern group.  The upper bound of the 95% CI must be calculated using variant allele numbers and counts from gnomAD. Confidence interval tools, such as Confit-de-MAF ([https://www.genecalculators.net/confit-de-maf.html](https://www.genecalculators.net/confit-de-maf.html)), can be used.  Use the gnomAD version with the largest allele number.   For larger deletions or duplications that may not be well represented in gnomAD (e.g., single- or multi-exon events), also confirm the variant is not common in gnomAD SVs, gnomAD CNVs, or the Database of Genomic Variants (DGV) ([https://dgv.tcag.ca/dgv/app/home](https://dgv.tcag.ca/dgv/app/home)).
ANO5	https://www.genenames.org/tools/search/#!/?query=ANO5	BA1	StandAlone	0.003	>	faf95				GN188	2.0	https://cspec.genome.network/cspec/ui/svi/doc/GN188?version=2.0	Apply if the variant Grpmax FAF (the lower bound of the 95% confidence interval of the maximum credible genetic ancestry group allele frequency) is >0.003. This value can be taken directly from gnomAD, but do not use data for which the variant does not pass quality control filters. See supplementary file “benign frequency exceptions” for a list of variants defined as exceptions to the benign frequency rules. Ongoing updates to this list will be available at the LGMD VCEP webpage: [https://clinicalgenome.org/affiliation/50061/.](https://clinicalgenome.org/affiliation/50061/) Variants whose frequency may not be reliable (e.g., variants that may reflect a sequencing artifact) should be critically evaluated and brought to the attention of the LGMD VCEP.
ANO5	https://www.genenames.org/tools/search/#!/?query=ANO5	BS1	Strong	0.001	>	faf95				GN188	2.0	https://cspec.genome.network/cspec/ui/svi/doc/GN188?version=2.0	Apply if the variant Grpmax FAF (the lower bound of the 95% confidence interval of the maximum credible genetic ancestry group allele frequency) is >0.001. This value can be taken directly from gnomAD, but do not use data for which the variant does not pass quality control filters. See supplementary file “benign frequency exceptions” for a list of variants defined as exceptions to the benign frequency rules. Ongoing updates to this list will be available at the LGMD VCEP webpage: [https://clinicalgenome.org/affiliation/50061/.](https://clinicalgenome.org/affiliation/50061/.) Variants whose frequency may not be reliable (e.g., variants that may reflect a sequencing artifact) should be critically evaluated and brought to the attention of the LGMD VCEP.
ANO5	https://www.genenames.org/tools/search/#!/?query=ANO5	PM2	Supporting	0.0001	<	grpmax				GN188	2.0	https://cspec.genome.network/cspec/ui/svi/doc/GN188?version=2.0	Apply if the Grpmax variant allele frequency / upper bound of the 95% confidence interval (95% CI) of the Grpmax variant allele frequency in gnomAD is \<0.0001. Do not use data for which the variant does not pass quality control filters.   *   If only 1 or 2 variant alleles are present in the Grpmax population, use the Grpmax variant allele frequency *   If at least 3 variant alleles are present in the Grpmax population, use the upper bound of the 95% confidence interval (95% CI) of the Grpmax variant allele frequency  Grpmax refers to the gnomAD subpopulation with the highest variant allele frequency. Use large, non-bottlenecked genetic ancestry groups for the Grpmax; avoid using the Amish, Ashkenazi Jewish, European Finnish, and Remaining Individuals groups as well as the genomes-only data for the Middle Eastern group.  The upper bound of the 95% CI must be calculated using variant allele numbers and counts from gnomAD. Confidence interval tools, such as Confit-de-MAF ([https://www.genecalculators.net/confit-de-maf.html](https://www.genecalculators.net/confit-de-maf.html)), can be used.  Use the gnomAD version with the largest allele number.   For larger deletions or duplications that may not be well represented in gnomAD (e.g., single- or multi-exon events), also confirm the variant is not common in gnomAD SVs, gnomAD CNVs, or the Database of Genomic Variants (DGV) ([https://dgv.tcag.ca/dgv/app/home](https://dgv.tcag.ca/dgv/app/home)).
SGCA	https://www.genenames.org/tools/search/#!/?query=SGCA	BA1	StandAlone	0.002	>	faf95				GN189	2.0	https://cspec.genome.network/cspec/ui/svi/doc/GN189?version=2.0	Apply if the variant Grpmax FAF (the lower bound of the 95% confidence interval of the maximum credible genetic ancestry group allele frequency) is >0.002. This value can be taken directly from gnomAD, but do not use data for which the variant does not pass quality control filters. See supplementary file “benign frequency exceptions” for a list of variants defined as exceptions to the benign frequency rules. Ongoing updates to this list will be available at the LGMD VCEP webpage: [https://clinicalgenome.org/affiliation/50061/.](https://clinicalgenome.org/affiliation/50061/.) Variants whose frequency may not be reliable (e.g., variants that may reflect a sequencing artifact) should be critically evaluated and brought to the attention of the LGMD VCEP.
SGCA	https://www.genenames.org/tools/search/#!/?query=SGCA	BS1	Strong	0.0009	>	faf95				GN189	2.0	https://cspec.genome.network/cspec/ui/svi/doc/GN189?version=2.0	Apply if the variant Grpmax FAF (the lower bound of the 95% confidence interval of the maximum credible genetic ancestry group allele frequency) is >0.0009. This value can be taken directly from gnomAD, but do not use data for which the variant does not pass quality control filters. See supplementary file “benign frequency exceptions” for a list of variants defined as exceptions to the benign frequency rules. Ongoing updates to this list will be available at the LGMD VCEP webpage: [https://clinicalgenome.org/affiliation/50061/.](https://clinicalgenome.org/affiliation/50061/.) Variants whose frequency may not be reliable (e.g., variants that may reflect a sequencing artifact) should be critically evaluated and brought to the attention of the LGMD VCEP.
SGCA	https://www.genenames.org/tools/search/#!/?query=SGCA	PM2	Supporting	9.000e-05	<	grpmax				GN189	2.0	https://cspec.genome.network/cspec/ui/svi/doc/GN189?version=2.0	Apply if the Grpmax variant allele frequency / upper bound of the 95% confidence interval (95% CI) of the Grpmax variant allele frequency in gnomAD is \<0.00009. Do not use data for which the variant does not pass quality control filters.   *   If only 1 or 2 variant alleles are present in the Grpmax population, use the Grpmax variant allele frequency *   If at least 3 variant alleles are present in the Grpmax population, use the upper bound of the 95% confidence interval (95% CI) of the Grpmax variant allele frequency  Grpmax refers to the gnomAD subpopulation with the highest variant allele frequency. Use large, non-bottlenecked genetic ancestry groups for the Grpmax; avoid using the Amish, Ashkenazi Jewish, European Finnish, and Remaining Individuals groups as well as the genomes-only data for the Middle Eastern group.  The upper bound of the 95% CI must be calculated using variant allele numbers and counts from gnomAD. Confidence interval tools, such as Confit-de-MAF ([https://www.genecalculators.net/confit-de-maf.html](https://www.genecalculators.net/confit-de-maf.html)), can be used.  Use the gnomAD version with the largest allele number.   For larger deletions or duplications that may not be well represented in gnomAD (e.g., single- or multi-exon events), also confirm the variant is not common in gnomAD SVs, gnomAD CNVs, or the Database of Genomic Variants (DGV) ([https://dgv.tcag.ca/dgv/app/home](https://dgv.tcag.ca/dgv/app/home)).
AIPL1	https://www.genenames.org/tools/search/#!/?query=AIPL1	BA1	StandAlone	0.0057	>=	faf95				GN208	1.0	https://cspec.genome.network/cspec/ui/svi/doc/GN208?version=1.0	Use gnomAD Grpmax FAF if available, cutoff of  ≥0.0057  *   Use large population databases (i.e. gnomAD).
AIPL1	https://www.genenames.org/tools/search/#!/?query=AIPL1	BS1	Strong	0.00057	>=	faf95				GN208	1.0	https://cspec.genome.network/cspec/ui/svi/doc/GN208?version=1.0	Allele frequency greater than expected for disorder. Use gnomAD Grpmax FAF if available.  *   Allele frequency of 0.00057 - 0.00569
AIPL1	https://www.genenames.org/tools/search/#!/?query=AIPL1	PM2	Supporting	0.0004	<=	raw_af	all			GN208	1.0	https://cspec.genome.network/cspec/ui/svi/doc/GN208?version=1.0	Absent/rare from controls in an ethnically-matched cohort population sample.  *   Used if the gnomAD total allele frequency is ≤ 4.0 x 10<sup>-4</sup>.
CEP290	https://www.genenames.org/tools/search/#!/?query=CEP290	BA1	StandAlone	0.016	>	faf95				GN226	1.0	https://cspec.genome.network/cspec/ui/svi/doc/GN226?version=1.0	Use gnomAD Grpmax FAF if available, cutoff of  >0.016  *   Use large population databases (i.e. gnomAD).
CEP290	https://www.genenames.org/tools/search/#!/?query=CEP290	BS1	Strong	0.0016	>=	faf95				GN226	1.0	https://cspec.genome.network/cspec/ui/svi/doc/GN226?version=1.0	Allele frequency greater than expected for disorder. Use gnomAD Grpmax FAF if available.  *   Allele frequency of 0.0016 - 0.016
CEP290	https://www.genenames.org/tools/search/#!/?query=CEP290	PM2	Supporting	0.0006	<=	raw_af	all			GN226	1.0	https://cspec.genome.network/cspec/ui/svi/doc/GN226?version=1.0	Absent/rare from controls in an ethnically-matched cohort population sample.  *   Used if the gnomAD total allele frequency is ≤ 6.0 x 10<sup>-4</sup>.
